Asset ID,Street,City,Post Code,Building Number,Building Name,Sub-Building,Region,Country,Latitude,Longitude,Building ID,Property Identifier,Year,Scenario,Flood Defences,Physical Risk Score,River Flood Score,River Flood Severity Value (maximum depth (m)),River Flood Severity Lower Bound,River Flood Severity Upper Bound,River Flood Reliability,Surface Flood Score,Surface Flood Severity Value (maximum depth (m)),Surface Flood Severity Lower Bound,Surface Flood Severity Upper Bound,Surface Flood Reliability,Coastal Flood Score,Coastal Flood Severity Value (maximum depth (m)),Coastal Flood Severity Lower Bound,Coastal Flood Severity Upper Bound,Coastal Flood Reliability,Wildfires Score,Wildfires Severity Value (No of fire weather days),Wildfires Severity Lower Bound,Wildfires Severity Upper Bound,Wildfires Likelihood,Wildfires Reliability,Wildfires Climate Reliability,Storms Score,Storms Severity Value (3s gust wind speed (km/h)),Storms Severity Lower Bound,Storms Severity Upper Bound,Storms Reliability,Storms Climate Reliability,Tropical Cyclones Score,Tropical Cyclones Severity Value (3s gust wind speed (km/h)),Tropical Cyclones Severity Lower Bound,Tropical Cyclones Severity Upper Bound,Tropical Cyclones Reliability,Tropical Cyclones Climate Reliability,Subsidence Score,"Subsidence Severity Value (indicator [0,2])",Subsidence Severity Lower Bound,Subsidence Severity Upper Bound,Subsidence Reliability,Subsidence Climate Reliability,Landslide Score,Landslide Likelihood,Landslide Reliability,Landslide Climate Reliability,Extreme Heat Days Score,Extreme Heat Days Severity Value (No of heatwave days),Extreme Heat Days Severity Lower Bound,Extreme Heat Days Severity Upper Bound,Extreme Heat Days Reliability,Extreme Heat Days Climate Reliability,Drought Score,Drought Severity Value (Magnitude),Drought Severity Lower Bound,Drought Severity Upper Bound,Drought Likelihood,Drought Reliability,Drought Climate Reliability,Age Category,Age Category Flag,Asset Use,Asset Type,Structure Category,Flood Elevation Structure,Building Replacement Cost,Gross Premise Area Flag,Gross Premise Area,Floor Count,Currency,Unit of Length,River Flood Loss,Surface Flood Loss,Coastal Flood Loss,Subsidence Loss,Landslide Loss,Wildfires Loss,Storms Loss,Tropical Cyclones Loss,Total Building Loss,Total Loss per Unit/Flat,Total Loss Percentage,Unit/Flat Volume,Basement
1,,,,,,,East Midlands (England),United Kingdom,52.7702909069,0.1894779759,23047437,100030889668,2020,ssp245,Undefended,A,A,0.0,0.0,0.0,,D,0.06,0.05,0.06,,E,0.44,0.41,0.46,,A,2.919686,0.0,10.5232,0.101657,0.75,0.9353354,E,157.5,151.199997,163.800003,0.83,0.83,,,,,,,B,1.070282,1.0,1.15,0.75,0.9361328,A,3e-06,0.93,0.9353354,A,5.0,2.0,8.2,0.8968716,0.8968716,C,4.724544,1.036496,15.132925,0.187759,0.65,0.65,pre-1919,M,residential,SINGLE_RES,C_5,Not applied,1119385.0,A,824.6,2.0,GBP,Metres,0.0,224.0,2537.0,1574.0,0.0,0.0,53.0,0.0,4388.0,878.0,0.0039196602,5.0,0.0
10,,,,,,,East Midlands (England),United Kingdom,53.050081479,0.158874125,,,2020,ssp245,Undefended,A,A,0.0,0.0,0.0,,D,0.07,0.06,0.07,,E,0.73,0.71,0.76,,A,0.727738,0.0,2.23776,0.134757,0.75,0.9353354,E,159.300003,153.0,164.699997,0.83,0.83,,,,,,,A,0.982057,0.0,1.0,0.75,0.9361328,A,1e-06,0.93,0.9353354,A,1.0,0.0,2.3,0.8968716,0.8968716,E,6.998137,1.024707,19.040302,0.189046,0.65,0.65,post-1985,D,commercial,,C_5,Not applied,1263991.0,D,1000.0,1.0,GBP,Metres,0.0,355.0,7567.0,1252.0,0.0,0.0,60.0,0.0,9234.0,9234.0,0.0073053142,1.0,0.0
2,,,,,,,East Midlands (England),United Kingdom,52.8408284176,0.1697058665,23337180,200001147586,2020,ssp245,Undefended,A,A,0.0,0.0,0.0,,A,0.0,0.0,0.0,,E,1.23,1.2,1.26,,A,2.281594,0.0,8.0688,0.138198,0.75,0.9353354,E,157.5,151.199997,163.800003,0.83,0.83,,,,,,,A,0.970076,0.0,1.0,0.75,0.9361328,A,1e-06,0.93,0.9353354,A,5.0,2.0,8.2,0.8968716,0.8968716,C,4.724544,1.036496,15.132925,0.187759,0.65,0.65,post-1985,A,residential,SINGLE_RES,C_4,Not applied,297561.0,A,219.2,1.0,GBP,Metres,0.0,0.0,5268.0,280.0,0.0,0.0,146.0,0.0,5694.0,5694.0,0.0191367064,1.0,0.0
3,,,,,,,East Midlands (England),United Kingdom,52.8494594446,0.1414652949,917061,,2020,ssp245,Undefended,A,A,0.0,0.0,0.0,,A,0.0,0.0,0.0,,E,1.01,0.98,1.05,,A,2.244228,0.0,7.864,0.090623,0.75,0.9353354,E,157.5,151.199997,163.800003,0.83,0.83,,,,,,,A,0.963124,0.0,1.0,0.75,0.9361328,A,1e-06,0.93,0.9353354,A,5.5,2.0,9.1,0.8968716,0.8968716,C,4.724544,1.036496,15.132925,0.187759,0.65,0.65,post-1985,M,residential,SINGLE_RES,C_4,Not applied,31765.0,A,23.4,1.0,GBP,Metres,0.0,0.0,399.0,29.0,0.0,0.0,16.0,0.0,444.0,444.0,0.0139805546,1.0,0.0
4,,,,,,,East Midlands (England),United Kingdom,52.8548146185,0.1709734372,22418623,,2020,ssp245,Undefended,D,A,0.0,0.0,0.0,,A,0.0,0.0,0.0,,F,1.66,1.63,1.68,,B,2.141091,0.0,7.544,0.187452,0.75,0.9353354,E,157.5,151.199997,163.800003,0.83,0.83,,,,,,,A,0.967088,0.0,1.0,0.75,0.9361328,A,0.0,0.93,0.9353354,A,5.0,2.0,8.2,0.8968716,0.8968716,C,4.458035,1.020595,11.349158,0.189075,0.65,0.65,post-1985,M,residential,SINGLE_RES,C_4,Not applied,35838.0,A,26.4,1.0,GBP,Metres,0.0,0.0,2854.0,33.0,0.0,44.0,18.0,0.0,2950.0,2950.0,0.0823123315,1.0,0.0
5,,,,,,,East Midlands (England),United Kingdom,52.8483471645,0.1166868854,23318602,10002548311,2020,ssp245,Undefended,A,A,0.0,0.0,0.0,,A,0.0,0.0,0.0,,E,1.13,1.09,1.16,,B,2.29346,0.0,7.992,0.1847,0.75,0.9353354,E,153.899994,148.5,160.199997,0.83,0.83,,,,,,,A,0.953109,0.0,1.0,0.75,0.9361328,A,0.0,0.93,0.9353354,A,5.5,2.0,9.1,0.8968716,0.8968716,C,4.724544,1.036496,15.132925,0.187759,0.65,0.65,post-1985,M,residential,SINGLE_RES,C_4,Not applied,323354.0,A,238.2,2.0,GBP,Metres,0.0,0.0,2131.0,283.0,0.0,371.0,158.0,0.0,2944.0,2944.0,0.0091040749,1.0,0.0
6,Marsh Rd,Holbeach Hurn,PE12 8JY,1.0,,,East Midlands (England),United Kingdom,52.8231572,0.0656962,4441069,100032161463,2020,ssp245,Undefended,A,A,0.0,0.0,0.0,,A,0.0,0.0,0.0,,C,0.0,0.0,0.0,,A,2.626771,0.0,9.1152,0.118228,0.75,0.9353354,E,153.899994,148.5,160.199997,0.83,0.83,,,,,,,B,1.054268,1.0,1.15,0.75,0.9361328,A,1e-06,0.93,0.9353354,A,5.5,2.0,9.1,0.8968716,0.8968716,C,4.987988,1.127961,14.633424,0.189998,0.65,0.65,pre-1919,M,residential,SINGLE_RES,C_5,Not applied,317381.0,A,233.8,2.0,GBP,Metres,0.0,0.0,85.0,420.0,0.0,0.0,15.0,0.0,520.0,520.0,0.0016390346,1.0,0.0
7,,,,,,,East Midlands (England),United Kingdom,52.8088689,0.1259753,23062655,100030887449,2020,ssp245,Undefended,A,A,0.0,0.0,0.0,,A,0.0,0.0,0.0,,D,0.39,0.35,0.42,,B,2.655068,0.0,9.3648,0.163153,0.75,0.9353354,E,153.899994,148.5,160.199997,0.83,0.83,,,,,,,B,1.059913,1.0,1.15,0.75,0.9361328,A,6e-06,0.93,0.9353354,A,5.5,2.0,9.1,0.8968716,0.8968716,C,4.724544,1.036496,15.132925,0.187759,0.65,0.65,pre-1919,M,residential,SINGLE_RES,C_5,Not applied,268240.0,A,197.6,2.0,GBP,Metres,0.0,0.0,485.0,363.0,0.0,107.0,13.0,0.0,968.0,968.0,0.0036079738,1.0,0.0
8,Pinstock Lane,Spalding,PE12 0BT,,,,East Midlands (England),United Kingdom,52.7960426,0.0741809,22823054,100030891649,2020,ssp245,Undefended,A,A,0.0,0.0,0.0,,A,0.0,0.0,0.0,,C,0.0,0.0,0.06,,A,2.869431,0.0,10.0336,0.127764,0.75,0.9353354,E,153.899994,148.5,160.199997,0.83,0.83,,,,,,,C,1.267701,1.15,1.3,0.75,0.9361328,A,3e-06,0.93,0.9353354,A,5.5,2.0,9.1,0.8968716,0.8968716,C,4.987988,1.127961,14.633424,0.189998,0.65,0.65,pre-1919,M,residential,SINGLE_RES,C_5,Not applied,221542.0,A,163.2,2.0,GBP,Metres,0.0,0.0,147.0,619.0,0.0,0.0,11.0,0.0,777.0,777.0,0.0035063469,1.0,0.0
9,Witham Town,Boston,PE21 9JY,6.0,,,East Midlands (England),United Kingdom,52.9835697,-0.0310725,13519302,200004467536,2020,ssp245,Undefended,A,A,0.0,0.0,0.0,,A,0.0,0.0,0.0,,B,0.0,0.0,0.0,,A,1.295597,0.0,3.935754,0.096628,0.75,0.9353354,E,155.699997,149.399994,161.099991,0.83,0.83,,,,,,,B,1.036986,1.0,1.15,0.75,0.9361328,A,1e-06,0.93,0.9353354,A,4.9,1.9,9.1,0.8968716,0.8968716,E,6.115811,1.108053,15.069879,0.191487,0.65,0.65,post-1985,M,agriculture,AGRICULTURE,C_5,Not applied,216142.0,A,171.0,2.0,GBP,Metres,0.0,0.0,26.0,267.0,0.0,0.0,10.0,0.0,303.0,303.0,0.0014040092,1.0,0.0
1,,,,,,,East Midlands (England),United Kingdom,52.7702909069,0.1894779759,23047437,100030889668,2025,ssp245,Undefended,A,A,0.0,0.0,0.0,,D,0.06,0.06,0.06,,E,0.47,0.44,0.5,,A,3.891476,0.0,9.479552,0.101657,0.75,0.9353354,E,157.5,151.199997,165.599991,0.83,0.83,,,,,,,B,1.072719,1.0,1.15,0.75,0.9361328,A,3e-06,0.93,0.9353354,B,8.325,2.0,15.1,0.8968716,0.8968716,B,4.922235,1.369066,8.222183,0.132135,0.65,0.65,pre-1919,M,residential,SINGLE_RES,C_5,Not applied,1119385.0,A,824.6,2.0,GBP,Metres,0.0,224.0,2822.0,1589.0,0.0,0.0,53.0,0.0,4687.0,937.0,0.0041872744,5.0,0.0
10,,,,,,,East Midlands (England),United Kingdom,53.050081479,0.158874125,,,2025,ssp245,Undefended,A,A,0.0,0.0,0.0,,D,0.07,0.06,0.08,,E,0.76,0.73,0.8,,A,1.459088,0.0,3.849184,0.134757,0.75,0.9353354,E,159.300003,153.0,167.399994,0.83,0.83,,,,,,,A,0.984215,0.0,1.0,0.75,0.9361328,A,1e-06,0.93,0.9353354,A,1.45,0.0,4.0,0.8968716,0.8968716,B,4.910131,2.252951,8.143004,0.138478,0.65,0.65,post-1985,D,commercial,,C_5,Not applied,1263991.0,D,1000.0,1.0,GBP,Metres,0.0,355.0,8068.0,1263.0,0.0,0.0,60.0,0.0,9747.0,9747.0,0.0077109686,1.0,0.0
2,,,,,,,East Midlands (England),United Kingdom,52.8408284176,0.1697058665,23337180,200001147586,2025,ssp245,Undefended,A,A,0.0,0.0,0.0,,A,0.0,0.0,0.0,,F,1.26,1.22,1.31,,A,3.166523,0.0,7.970993,0.138198,0.75,0.9353354,E,157.5,151.199997,165.599991,0.83,0.83,,,,,,,A,0.972387,0.0,1.0,0.75,0.9361328,A,1e-06,0.93,0.9353354,B,8.325,2.0,15.1,0.8968716,0.8968716,B,4.922235,1.369066,8.222183,0.132135,0.65,0.65,post-1985,A,residential,SINGLE_RES,C_4,Not applied,297561.0,A,219.2,1.0,GBP,Metres,0.0,0.0,5665.0,283.0,0.0,0.0,146.0,0.0,6094.0,6094.0,0.0204792547,1.0,0.0
3,,,,,,,East Midlands (England),United Kingdom,52.8494594446,0.1414652949,917061,,2025,ssp245,Undefended,A,A,0.0,0.0,0.0,,A,0.0,0.0,0.0,,E,1.06,1.01,1.11,,A,3.091768,0.0,7.967698,0.090623,0.75,0.9353354,E,157.5,151.199997,165.599991,0.83,0.83,,,,,,,A,0.965435,0.0,1.0,0.75,0.9361328,A,1e-06,0.93,0.9353354,B,8.266666,2.0,15.2,0.8968716,0.8968716,B,4.922235,1.369066,8.222183,0.132135,0.65,0.65,post-1985,M,residential,SINGLE_RES,C_4,Not applied,31765.0,A,23.4,1.0,GBP,Metres,0.0,0.0,426.0,29.0,0.0,0.0,16.0,0.0,471.0,471.0,0.0148197141,1.0,0.0
4,,,,,,,East Midlands (England),United Kingdom,52.8548146185,0.1709734372,22418623,,2025,ssp245,Undefended,D,A,0.0,0.0,0.0,,A,0.0,0.0,0.0,,F,1.69,1.65,1.72,,B,3.013259,0.0,7.603832,0.187452,0.75,0.9353354,E,157.5,151.199997,165.599991,0.83,0.83,,,,,,,A,0.969381,0.0,1.0,0.75,0.9361328,A,0.0,0.93,0.9353354,B,8.325,2.0,15.1,0.8968716,0.8968716,B,4.434797,1.190362,7.384102,0.133025,0.65,0.65,post-1985,M,residential,SINGLE_RES,C_4,Not applied,35838.0,A,26.4,1.0,GBP,Metres,0.0,0.0,3126.0,34.0,0.0,46.0,18.0,0.0,3224.0,3224.0,0.0899500873,1.0,0.0
5,,,,,,,East Midlands (England),United Kingdom,52.8483471645,0.1166868854,23318602,10002548311,2025,ssp245,Undefended,A,A,0.0,0.0,0.0,,A,0.0,0.0,0.0,,E,1.17,1.12,1.22,,B,3.116595,0.0,8.178901,0.1847,0.75,0.9353354,E,154.800003,148.5,162.899994,0.83,0.83,,,,,,,A,0.955437,0.0,1.0,0.75,0.9361328,A,0.0,0.93,0.9353354,B,8.266666,2.0,15.2,0.8968716,0.8968716,B,4.922235,1.369066,8.222183,0.132135,0.65,0.65,post-1985,M,residential,SINGLE_RES,C_4,Not applied,323354.0,A,238.2,2.0,GBP,Metres,0.0,0.0,2215.0,286.0,0.0,382.0,158.0,0.0,3041.0,3041.0,0.0094038085,1.0,0.0
6,Marsh Rd,Holbeach Hurn,PE12 8JY,1.0,,,East Midlands (England),United Kingdom,52.8231572,0.0656962,4441069,100032161463,2025,ssp245,Undefended,A,A,0.0,0.0,0.0,,A,0.0,0.0,0.0,,C,0.0,0.0,0.0,,A,3.430919,0.0,9.32439,0.118228,0.75,0.9353354,E,154.800003,148.5,162.899994,0.83,0.83,,,,,,,B,1.056654,1.0,1.15,0.75,0.9361328,A,1e-06,0.93,0.9353354,B,8.266666,2.0,15.2,0.8968716,0.8968716,B,4.74336,1.088232,8.391212,0.132575,0.65,0.65,pre-1919,M,residential,SINGLE_RES,C_5,Not applied,317381.0,A,233.8,2.0,GBP,Metres,0.0,0.0,100.0,424.0,0.0,0.0,15.0,0.0,539.0,539.0,0.001698137,1.0,0.0
7,,,,,,,East Midlands (England),United Kingdom,52.8088689,0.1259753,23062655,100030887449,2025,ssp245,Undefended,A,A,0.0,0.0,0.0,,A,0.0,0.0,0.0,,D,0.43,0.38,0.48,,B,3.531537,0.0,9.153882,0.163153,0.75,0.9353354,E,154.800003,148.5,162.899994,0.83,0.83,,,,,,,B,1.062292,1.0,1.15,0.75,0.9361328,A,6e-06,0.93,0.9353354,B,8.266666,2.0,15.2,0.8968716,0.8968716,B,4.922235,1.369066,8.222183,0.132135,0.65,0.65,pre-1919,M,residential,SINGLE_RES,C_5,Not applied,268240.0,A,197.6,2.0,GBP,Metres,0.0,0.0,510.0,366.0,0.0,116.0,13.0,0.0,1005.0,1005.0,0.0037457424,1.0,0.0
8,Pinstock Lane,Spalding,PE12 0BT,,,,East Midlands (England),United Kingdom,52.7960426,0.0741809,22823054,100030891649,2025,ssp245,Undefended,A,A,0.0,0.0,0.0,,A,0.0,0.0,0.0,,D,0.04,0.0,0.1,,A,3.714035,0.0,10.025292,0.127764,0.75,0.9353354,E,154.800003,148.5,162.899994,0.83,0.83,,,,,,,C,1.270113,1.15,1.3,0.75,0.9361328,A,3e-06,0.93,0.9353354,B,8.266666,2.0,15.2,0.8968716,0.8968716,B,4.74336,1.088232,8.391212,0.132575,0.65,0.65,pre-1919,M,residential,SINGLE_RES,C_5,Not applied,221542.0,A,163.2,2.0,GBP,Metres,0.0,0.0,170.0,624.0,0.0,0.0,11.0,0.0,805.0,805.0,0.0036340273,1.0,0.0
9,Witham Town,Boston,PE21 9JY,6.0,,,East Midlands (England),United Kingdom,52.9835697,-0.0310725,13519302,200004467536,2025,ssp245,Undefended,A,A,0.0,0.0,0.0,,A,0.0,0.0,0.0,,B,0.0,0.0,0.0,,A,1.909658,0.0,5.203004,0.096628,0.75,0.9353354,E,155.699997,149.399994,163.800003,0.83,0.83,,,,,,,B,1.039513,1.0,1.15,0.75,0.9361328,A,1e-06,0.93,0.9353354,B,8.225,2.0,16.1,0.8968716,0.8968716,C,5.119408,2.305538,8.366127,0.138533,0.65,0.65,post-1985,M,agriculture,AGRICULTURE,C_5,Not applied,216142.0,A,171.0,2.0,GBP,Metres,0.0,0.0,28.0,270.0,0.0,0.0,10.0,0.0,308.0,308.0,0.0014235592,1.0,0.0
1,,,,,,,East Midlands (England),United Kingdom,52.7702909069,0.1894779759,23047437,100030889668,2030,ssp245,Undefended,A,A,0.0,0.0,0.0,,D,0.06,0.06,0.07,,E,0.5,0.46,0.54,,A,5.15713,0.0,13.372001,0.101657,0.75,0.9353354,E,157.5,150.300003,165.599991,0.83,0.83,,,,,,,B,1.07325,1.0,1.15,0.75,0.9361328,A,3e-06,0.93,0.9353354,B,8.075,2.0,16.0,0.8968716,0.8968716,C,5.738875,1.236523,10.638243,0.126024,0.65,0.65,pre-1919,M,residential,SINGLE_RES,C_5,Not applied,1119385.0,A,824.6,2.0,GBP,Metres,0.0,224.0,3043.0,1592.0,0.0,0.0,53.0,0.0,4912.0,982.0,0.0043879244,5.0,0.0
10,,,,,,,East Midlands (England),United Kingdom,53.050081479,0.158874125,,,2030,ssp245,Undefended,A,A,0.0,0.0,0.0,,D,0.07,0.07,0.08,,E,0.8,0.75,0.84,,A,1.857844,0.0,4.82,0.134757,0.75,0.9353354,E,159.300003,152.099991,167.399994,0.83,0.83,,,,,,,A,0.984789,0.0,1.0,0.75,0.9361328,A,1e-06,0.93,0.9353354,A,1.233333,0.0,3.1,0.8968716,0.8968716,B,4.490907,1.159137,8.034125,0.11284,0.65,0.65,post-1985,D,commercial,,C_5,Not applied,1263991.0,D,1000.0,1.0,GBP,Metres,0.0,355.0,8724.0,1266.0,0.0,0.0,60.0,0.0,10406.0,10406.0,0.0082324245,1.0,0.0
2,,,,,,,East Midlands (England),United Kingdom,52.8408284176,0.1697058665,23337180,200001147586,2030,ssp245,Undefended,A,A,0.0,0.0,0.0,,A,0.0,0.0,0.0,,F,1.3,1.25,1.36,,A,4.177861,0.0,10.809441,0.138198,0.75,0.9353354,E,157.5,150.300003,165.599991,0.83,0.83,,,,,,,A,0.972932,0.0,1.0,0.75,0.9361328,A,1e-06,0.93,0.9353354,B,8.075,2.0,16.0,0.8968716,0.8968716,C,5.738875,1.236523,10.638243,0.126024,0.65,0.65,post-1985,A,residential,SINGLE_RES,C_4,Not applied,297561.0,A,219.2,1.0,GBP,Metres,0.0,0.0,6138.0,284.0,0.0,0.0,146.0,0.0,6568.0,6568.0,0.0220719126,1.0,0.0
3,,,,,,,East Midlands (England),United Kingdom,52.8494594446,0.1414652949,917061,,2030,ssp245,Undefended,A,A,0.0,0.0,0.0,,A,0.0,0.0,0.0,,E,1.1,1.04,1.17,,A,4.058751,0.0,10.48912,0.090623,0.75,0.9353354,E,157.5,150.300003,165.599991,0.83,0.83,,,,,,,A,0.965978,0.0,1.0,0.75,0.9361328,A,1e-06,0.93,0.9353354,B,8.1,2.0,16.0,0.8968716,0.8968716,C,5.738875,1.236523,10.638243,0.126024,0.65,0.65,post-1985,M,residential,SINGLE_RES,C_4,Not applied,31765.0,A,23.4,1.0,GBP,Metres,0.0,0.0,452.0,29.0,0.0,0.0,16.0,0.0,497.0,497.0,0.0156315877,1.0,0.0
4,,,,,,,East Midlands (England),United Kingdom,52.8548146185,0.1709734372,22418623,,2030,ssp245,Undefended,D,A,0.0,0.0,0.0,,A,0.0,0.0,0.0,,F,1.72,1.67,1.76,,B,3.975239,0.0,10.28528,0.187452,0.75,0.9353354,E,157.5,150.300003,165.599991,0.83,0.83,,,,,,,A,0.96993,0.0,1.0,0.75,0.9361328,A,0.0,0.93,0.9353354,B,8.075,2.0,16.0,0.8968716,0.8968716,B,4.519824,1.139493,8.631554,0.117808,0.65,0.65,post-1985,M,residential,SINGLE_RES,C_4,Not applied,35838.0,A,26.4,1.0,GBP,Metres,0.0,0.0,3240.0,34.0,0.0,47.0,18.0,0.0,3339.0,3339.0,0.0931605244,1.0,0.0
5,,,,,,,East Midlands (England),United Kingdom,52.8483471645,0.1166868854,23318602,10002548311,2030,ssp245,Undefended,A,A,0.0,0.0,0.0,,A,0.0,0.0,0.0,,E,1.21,1.14,1.27,,B,4.074237,0.0,10.51824,0.1847,0.75,0.9353354,E,154.800003,147.599991,162.899994,0.83,0.83,,,,,,,A,0.955975,0.0,1.0,0.75,0.9361328,A,0.0,0.93,0.9353354,B,8.1,2.0,16.0,0.8968716,0.8968716,C,5.738875,1.236523,10.638243,0.126024,0.65,0.65,post-1985,M,residential,SINGLE_RES,C_4,Not applied,323354.0,A,238.2,2.0,GBP,Metres,0.0,0.0,2297.0,287.0,0.0,394.0,158.0,0.0,3137.0,3137.0,0.0097002741,1.0,0.0
6,Marsh Rd,Holbeach Hurn,PE12 8JY,1.0,,,East Midlands (England),United Kingdom,52.8231572,0.0656962,4441069,100032161463,2030,ssp245,Undefended,A,A,0.0,0.0,0.0,,A,0.0,0.0,0.0,,C,0.0,0.0,0.0,,A,4.454101,0.0,11.45008,0.118228,0.75,0.9353354,E,154.800003,147.599991,162.899994,0.83,0.83,,,,,,,B,1.057181,1.0,1.15,0.75,0.9361328,A,1e-06,0.93,0.9353354,B,8.1,2.0,16.0,0.8968716,0.8968716,D,6.022196,1.881656,10.782843,0.123426,0.65,0.65,pre-1919,M,residential,SINGLE_RES,C_5,Not applied,317381.0,A,233.8,2.0,GBP,Metres,0.0,0.0,111.0,425.0,0.0,0.0,15.0,0.0,551.0,551.0,0.0017369081,1.0,0.0
7,,,,,,,East Midlands (England),United Kingdom,52.8088689,0.1259753,23062655,100030887449,2030,ssp245,Undefended,A,A,0.0,0.0,0.0,,A,0.0,0.0,0.0,,D,0.47,0.4,0.53,,B,4.631061,0.0,11.94512,0.163153,0.75,0.9353354,E,154.800003,147.599991,162.899994,0.83,0.83,,,,,,,B,1.062825,1.0,1.15,0.75,0.9361328,A,6e-06,0.93,0.9353354,B,8.1,2.0,16.0,0.8968716,0.8968716,C,5.738875,1.236523,10.638243,0.126024,0.65,0.65,pre-1919,M,residential,SINGLE_RES,C_5,Not applied,268240.0,A,197.6,2.0,GBP,Metres,0.0,0.0,532.0,367.0,0.0,128.0,13.0,0.0,1040.0,1040.0,0.0038762243,1.0,0.0
8,Pinstock Lane,Spalding,PE12 0BT,,,,East Midlands (England),United Kingdom,52.7960426,0.0741809,22823054,100030891649,2030,ssp245,Undefended,A,A,0.0,0.0,0.0,,A,0.0,0.0,0.0,,D,0.07,0.0,0.13,,A,4.833988,0.0,12.41104,0.127764,0.75,0.9353354,E,154.800003,147.599991,162.899994,0.83,0.83,,,,,,,C,1.270639,1.15,1.3,0.75,0.9361328,A,3e-06,0.93,0.9353354,B,8.1,2.0,16.0,0.8968716,0.8968716,D,6.022196,1.881656,10.782843,0.123426,0.65,0.65,pre-1919,M,residential,SINGLE_RES,C_5,Not applied,221542.0,A,163.2,2.0,GBP,Metres,0.0,0.0,191.0,625.0,0.0,0.0,11.0,0.0,827.0,827.0,0.0037320337,1.0,0.0
9,Witham Town,Boston,PE21 9JY,6.0,,,East Midlands (England),United Kingdom,52.9835697,-0.0310725,13519302,200004467536,2030,ssp245,Undefended,A,A,0.0,0.0,0.0,,A,0.0,0.0,0.0,,B,0.0,0.0,0.0,,A,2.384958,0.0,6.09116,0.096628,0.75,0.9353354,E,155.699997,148.5,163.800003,0.83,0.83,,,,,,,B,1.040064,1.0,1.15,0.75,0.9361328,A,1e-06,0.93,0.9353354,B,8.008333,2.0,16.0,0.8968716,0.8968716,C,5.453083,1.16811,9.524189,0.113758,0.65,0.65,post-1985,M,agriculture,AGRICULTURE,C_5,Not applied,216142.0,A,171.0,2.0,GBP,Metres,0.0,0.0,29.0,271.0,0.0,0.0,10.0,0.0,310.0,310.0,0.0014338299,1.0,0.0
1,,,,,,,East Midlands (England),United Kingdom,52.7702909069,0.1894779759,23047437,100030889668,2035,ssp245,Undefended,A,A,0.0,0.0,0.0,,D,0.06,0.06,0.07,,E,0.53,0.48,0.58,,A,5.680938,0.0,11.831424,0.101657,0.75,0.9353354,E,157.5,148.5,168.300003,0.83,0.83,,,,,,,B,1.074351,1.0,1.15,0.75,0.9361328,A,3e-06,0.93,0.9353354,B,8.258333,2.0,16.0,0.8968716,0.8968716,B,4.86764,1.041477,8.407763,0.135612,0.65,0.65,pre-1919,M,residential,SINGLE_RES,C_5,Not applied,1119385.0,A,824.6,2.0,GBP,Metres,0.0,224.0,3350.0,1599.0,0.0,0.0,53.0,0.0,5226.0,1045.0,0.0046683898,5.0,0.0
10,,,,,,,East Midlands (England),United Kingdom,53.050081479,0.158874125,,,2035,ssp245,Undefended,A,A,0.0,0.0,0.0,,D,0.07,0.07,0.08,,E,0.83,0.77,0.88,,A,2.148488,0.0,5.050816,0.134757,0.75,0.9353354,E,159.300003,150.300003,170.099991,0.83,0.83,,,,,,,A,0.985727,0.0,1.0,0.75,0.9361328,A,1e-06,0.93,0.9353354,A,1.133333,0.0,3.0,0.8968716,0.8968716,A,3.889105,1.226796,6.526201,0.135627,0.65,0.65,post-1985,D,commercial,,C_5,Not applied,1263991.0,D,1000.0,1.0,GBP,Metres,0.0,355.0,9231.0,1271.0,0.0,0.0,60.0,0.0,10917.0,10917.0,0.0086369852,1.0,0.0
2,,,,,,,East Midlands (England),United Kingdom,52.8408284176,0.1697058665,23337180,200001147586,2035,ssp245,Undefended,A,A,0.0,0.0,0.0,,A,0.0,0.0,0.0,,F,1.34,1.28,1.42,,A,4.635653,0.0,9.806651,0.138198,0.75,0.9353354,E,157.5,148.5,168.300003,0.83,0.83,,,,,,,A,0.97399,0.0,1.0,0.75,0.9361328,A,1e-06,0.93,0.9353354,B,8.258333,2.0,16.0,0.8968716,0.8968716,B,4.86764,1.041477,8.407763,0.135612,0.65,0.65,post-1985,A,residential,SINGLE_RES,C_4,Not applied,297561.0,A,219.2,1.0,GBP,Metres,0.0,0.0,6654.0,285.0,0.0,0.0,146.0,0.0,7085.0,7085.0,0.0238096557,1.0,0.0
3,,,,,,,East Midlands (England),United Kingdom,52.8494594446,0.1414652949,917061,,2035,ssp245,Undefended,A,A,0.0,0.0,0.0,,A,0.0,0.0,0.0,,E,1.14,1.07,1.23,,A,4.510485,0.0,9.601712,0.090623,0.75,0.9353354,E,157.5,148.5,168.300003,0.83,0.83,,,,,,,A,0.967033,0.0,1.0,0.75,0.9361328,A,1e-06,0.93,0.9353354,B,8.283334,1.9,16.0,0.8968716,0.8968716,B,4.86764,1.041477,8.407763,0.135612,0.65,0.65,post-1985,M,residential,SINGLE_RES,C_4,Not applied,31765.0,A,23.4,1.0,GBP,Metres,0.0,0.0,478.0,30.0,0.0,0.0,16.0,0.0,524.0,524.0,0.0164815541,1.0,0.0
4,,,,,,,East Midlands (England),United Kingdom,52.8548146185,0.1709734372,22418623,,2035,ssp245,Undefended,D,A,0.0,0.0,0.0,,A,0.0,0.0,0.0,,F,1.75,1.69,1.8,,B,4.418319,0.0,9.375998,0.187452,0.75,0.9353354,E,157.5,148.5,168.300003,0.83,0.83,,,,,,,A,0.97098,0.0,1.0,0.75,0.9361328,A,0.0,0.93,0.9353354,B,8.258333,2.0,16.0,0.8968716,0.8968716,B,4.252566,1.477624,7.131309,0.134195,0.65,0.65,post-1985,M,residential,SINGLE_RES,C_4,Not applied,35838.0,A,26.4,1.0,GBP,Metres,0.0,0.0,3317.0,34.0,0.0,48.0,18.0,0.0,3417.0,3417.0,0.0953423665,1.0,0.0
5,,,,,,,East Midlands (England),United Kingdom,52.8483471645,0.1166868854,23318602,10002548311,2035,ssp245,Undefended,A,A,0.0,0.0,0.0,,A,0.0,0.0,0.0,,E,1.25,1.17,1.32,,B,4.529384,0.0,9.676061,0.1847,0.75,0.9353354,E,154.800003,145.800003,164.699997,0.83,0.83,,,,,,,A,0.957034,0.0,1.0,0.75,0.9361328,A,0.0,0.93,0.9353354,B,8.283334,1.9,16.0,0.8968716,0.8968716,B,4.86764,1.041477,8.407763,0.135612,0.65,0.65,post-1985,M,residential,SINGLE_RES,C_4,Not applied,323354.0,A,238.2,2.0,GBP,Metres,0.0,0.0,2379.0,288.0,0.0,400.0,158.0,0.0,3225.0,3225.0,0.0099739731,1.0,0.0
6,Marsh Rd,Holbeach Hurn,PE12 8JY,1.0,,,East Midlands (England),United Kingdom,52.8231572,0.0656962,4441069,100032161463,2035,ssp245,Undefended,A,A,0.0,0.0,0.0,,A,0.0,0.0,0.0,,C,0.0,0.0,0.0,,A,4.945631,0.0,10.580557,0.118228,0.75,0.9353354,E,154.800003,146.699997,165.599991,0.83,0.83,,,,,,,B,1.058258,1.0,1.15,0.75,0.9361328,A,1e-06,0.93,0.9353354,B,8.283334,1.9,16.0,0.8968716,0.8968716,B,4.867996,1.024814,8.617786,0.136589,0.65,0.65,pre-1919,M,residential,SINGLE_RES,C_5,Not applied,317381.0,A,233.8,2.0,GBP,Metres,0.0,0.0,123.0,426.0,0.0,0.0,15.0,0.0,564.0,564.0,0.0017769419,1.0,0.0
7,,,,,,,East Midlands (England),United Kingdom,52.8088689,0.1259753,23062655,100030887449,2035,ssp245,Undefended,A,A,0.0,0.0,0.0,,A,0.0,0.0,0.0,,D,0.51,0.43,0.58,,B,5.128259,0.0,10.847668,0.163153,0.75,0.9353354,E,154.800003,145.800003,165.599991,0.83,0.83,,,,,,,B,1.063904,1.0,1.15,0.75,0.9361328,A,6e-06,0.93,0.9353354,B,8.283334,1.9,16.0,0.8968716,0.8968716,B,4.86764,1.041477,8.407763,0.135612,0.65,0.65,pre-1919,M,residential,SINGLE_RES,C_5,Not applied,268240.0,A,197.6,2.0,GBP,Metres,0.0,0.0,555.0,368.0,0.0,133.0,13.0,0.0,1069.0,1069.0,0.0039855921,1.0,0.0
8,Pinstock Lane,Spalding,PE12 0BT,,,,East Midlands (England),United Kingdom,52.7960426,0.0741809,22823054,100030891649,2035,ssp245,Undefended,A,A,0.0,0.0,0.0,,A,0.0,0.0,0.0,,D,0.1,0.04,0.16,,A,5.356015,0.0,11.385178,0.127764,0.75,0.9353354,E,154.800003,146.699997,165.599991,0.83,0.83,,,,,,,C,1.27173,1.15,1.3,0.75,0.9361328,A,3e-06,0.93,0.9353354,B,8.283334,1.9,16.0,0.8968716,0.8968716,B,4.867996,1.024814,8.617786,0.136589,0.65,0.65,pre-1919,M,residential,SINGLE_RES,C_5,Not applied,221542.0,A,163.2,2.0,GBP,Metres,0.0,0.0,211.0,627.0,0.0,0.0,11.0,0.0,849.0,849.0,0.0038324949,1.0,0.0
9,Witham Town,Boston,PE21 9JY,6.0,,,East Midlands (England),United Kingdom,52.9835697,-0.0310725,13519302,200004467536,2035,ssp245,Undefended,A,A,0.0,0.0,0.0,,A,0.0,0.0,0.0,,B,0.0,0.0,0.0,,A,2.662933,0.0,6.329105,0.096628,0.75,0.9353354,E,155.699997,147.599991,165.599991,0.83,0.83,,,,,,,B,1.041076,1.0,1.15,0.75,0.9361328,A,1e-06,0.93,0.9353354,B,8.166667,1.9,16.0,0.8968716,0.8968716,B,4.351396,1.203222,7.406266,0.13991,0.65,0.65,post-1985,M,agriculture,AGRICULTURE,C_5,Not applied,216142.0,A,171.0,2.0,GBP,Metres,0.0,0.0,31.0,272.0,0.0,0.0,10.0,0.0,313.0,313.0,0.0014459424,1.0,0.0
1,,,,,,,East Midlands (England),United Kingdom,52.7702909069,0.1894779759,23047437,100030889668,2040,ssp245,Undefended,A,A,0.0,0.0,0.0,,D,0.06,0.06,0.07,,E,0.56,0.5,0.63,,A,4.667351,0.0,9.851745,0.101657,0.75,0.9353354,E,157.5,148.5,168.300003,0.83,0.83,,,,,,,B,1.074559,1.0,1.15,0.75,0.9361328,A,3e-06,0.93,0.9353354,B,9.433333,2.0,20.0,0.8968716,0.8968716,B,4.8829,1.450103,8.638391,0.113593,0.65,0.65,pre-1919,M,residential,SINGLE_RES,C_5,Not applied,1119385.0,A,824.6,2.0,GBP,Metres,0.0,224.0,3660.0,1600.0,0.0,0.0,53.0,0.0,5536.0,1107.0,0.0049457866,5.0,0.0
10,,,,,,,East Midlands (England),United Kingdom,53.050081479,0.158874125,,,2040,ssp245,Undefended,A,A,0.0,0.0,0.0,,D,0.07,0.07,0.08,,E,0.86,0.79,0.93,,A,1.70426,0.0,4.36,0.134757,0.75,0.9353354,E,159.300003,150.300003,169.199997,0.83,0.83,,,,,,,A,0.986007,0.0,1.0,0.75,0.9361328,A,1e-06,0.93,0.9353354,A,1.375,0.0,3.1,0.8968716,0.8968716,B,4.599343,1.246546,8.434612,0.113051,0.65,0.65,post-1985,D,commercial,,C_5,Not applied,1263991.0,D,1000.0,1.0,GBP,Metres,0.0,355.0,9768.0,1273.0,0.0,0.0,60.0,0.0,11456.0,11456.0,0.0090633568,1.0,0.0
2,,,,,,,East Midlands (England),United Kingdom,52.8408284176,0.1697058665,23337180,200001147586,2040,ssp245,Undefended,B,A,0.0,0.0,0.0,,A,0.0,0.0,0.0,,F,1.38,1.3,1.47,,A,3.784511,0.0,8.172891,0.138198,0.75,0.9353354,E,157.5,148.5,168.300003,0.83,0.83,,,,,,,A,0.974214,0.0,1.0,0.75,0.9361328,A,1e-06,0.93,0.9353354,B,9.433333,2.0,20.0,0.8968716,0.8968716,B,4.8829,1.450103,8.638391,0.113593,0.65,0.65,post-1985,A,residential,SINGLE_RES,C_4,Not applied,297561.0,A,219.2,1.0,GBP,Metres,0.0,0.0,7180.0,285.0,0.0,0.0,146.0,0.0,7611.0,7611.0,0.025576433,1.0,0.0
3,,,,,,,East Midlands (England),United Kingdom,52.8494594446,0.1414652949,917061,,2040,ssp245,Undefended,A,A,0.0,0.0,0.0,,A,0.0,0.0,0.0,,E,1.19,1.1,1.29,,A,3.691308,0.0,8.021393,0.090623,0.75,0.9353354,E,157.5,148.5,168.300003,0.83,0.83,,,,,,,A,0.967253,0.0,1.0,0.75,0.9361328,A,1e-06,0.93,0.9353354,B,9.341666,1.9,19.1,0.8968716,0.8968716,B,4.8829,1.450103,8.638391,0.113593,0.65,0.65,post-1985,M,residential,SINGLE_RES,C_4,Not applied,31765.0,A,23.4,1.0,GBP,Metres,0.0,0.0,503.0,30.0,0.0,0.0,16.0,0.0,549.0,549.0,0.0172797376,1.0,0.0
4,,,,,,,East Midlands (England),United Kingdom,52.8548146185,0.1709734372,22418623,,2040,ssp245,Undefended,D,A,0.0,0.0,0.0,,A,0.0,0.0,0.0,,F,1.78,1.71,1.84,,B,3.597659,0.0,7.810718,0.187452,0.75,0.9353354,E,157.5,148.5,168.300003,0.83,0.83,,,,,,,A,0.971208,0.0,1.0,0.75,0.9361328,A,0.0,0.93,0.9353354,B,9.433333,2.0,20.0,0.8968716,0.8968716,B,4.306652,1.141638,8.005836,0.109402,0.65,0.65,post-1985,M,residential,SINGLE_RES,C_4,Not applied,35838.0,A,26.4,1.0,GBP,Metres,0.0,0.0,3426.0,34.0,0.0,47.0,18.0,0.0,3525.0,3525.0,0.0983602195,1.0,0.0
5,,,,,,,East Midlands (England),United Kingdom,52.8483471645,0.1166868854,23318602,10002548311,2040,ssp245,Undefended,A,A,0.0,0.0,0.0,,A,0.0,0.0,0.0,,E,1.29,1.2,1.38,,B,3.719906,0.0,8.10182,0.1847,0.75,0.9353354,E,154.800003,145.800003,164.699997,0.83,0.83,,,,,,,A,0.957249,0.0,1.0,0.75,0.9361328,A,0.0,0.93,0.9353354,B,9.341666,1.9,19.1,0.8968716,0.8968716,B,4.8829,1.450103,8.638391,0.113593,0.65,0.65,post-1985,M,residential,SINGLE_RES,C_4,Not applied,323354.0,A,238.2,2.0,GBP,Metres,0.0,0.0,2445.0,289.0,0.0,390.0,158.0,0.0,3282.0,3282.0,0.010150301,1.0,0.0
6,Marsh Rd,Holbeach Hurn,PE12 8JY,1.0,,,East Midlands (England),United Kingdom,52.8231572,0.0656962,4441069,100032161463,2040,ssp245,Undefended,A,A,0.0,0.0,0.0,,A,0.0,0.0,0.0,,C,0.0,0.0,0.0,,A,4.104933,0.0,8.903597,0.118228,0.75,0.9353354,E,154.800003,145.800003,165.599991,0.83,0.83,,,,,,,B,1.058456,1.0,1.15,0.75,0.9361328,A,1e-06,0.93,0.9353354,B,9.341666,1.9,19.1,0.8968716,0.8968716,C,5.119157,1.337184,9.216576,0.113707,0.65,0.65,pre-1919,M,residential,SINGLE_RES,C_5,Not applied,317381.0,A,233.8,2.0,GBP,Metres,0.0,0.0,137.0,427.0,0.0,0.0,15.0,0.0,579.0,579.0,0.0018236527,1.0,0.0
7,,,,,,,East Midlands (England),United Kingdom,52.8088689,0.1259753,23062655,100030887449,2040,ssp245,Undefended,A,A,0.0,0.0,0.0,,A,0.0,0.0,0.0,,D,0.55,0.46,0.64,,B,4.230062,0.0,9.081428,0.163153,0.75,0.9353354,E,154.800003,145.800003,165.599991,0.83,0.83,,,,,,,B,1.064111,1.0,1.15,0.75,0.9361328,A,6e-06,0.93,0.9353354,B,9.341666,1.9,19.1,0.8968716,0.8968716,B,4.8829,1.450103,8.638391,0.113593,0.65,0.65,pre-1919,M,residential,SINGLE_RES,C_5,Not applied,268240.0,A,197.6,2.0,GBP,Metres,0.0,0.0,577.0,368.0,0.0,124.0,13.0,0.0,1082.0,1082.0,0.0040339788,1.0,0.0
8,Pinstock Lane,Spalding,PE12 0BT,,,,East Midlands (England),United Kingdom,52.7960426,0.0741809,22823054,100030891649,2040,ssp245,Undefended,A,A,0.0,0.0,0.0,,A,0.0,0.0,0.0,,D,0.14,0.09,0.2,,A,4.455328,0.0,9.578298,0.127764,0.75,0.9353354,E,154.800003,145.800003,165.599991,0.83,0.83,,,,,,,C,1.271922,1.15,1.3,0.75,0.9361328,A,3e-06,0.93,0.9353354,B,9.341666,1.9,19.1,0.8968716,0.8968716,C,5.119157,1.337184,9.216576,0.113707,0.65,0.65,pre-1919,M,residential,SINGLE_RES,C_5,Not applied,221542.0,A,163.2,2.0,GBP,Metres,0.0,0.0,233.0,628.0,0.0,0.0,11.0,0.0,872.0,872.0,0.0039367675,1.0,0.0
9,Witham Town,Boston,PE21 9JY,6.0,,,East Midlands (England),United Kingdom,52.9835697,-0.0310725,13519302,200004467536,2040,ssp245,Undefended,A,A,0.0,0.0,0.0,,A,0.0,0.0,0.0,,B,0.0,0.0,0.0,,A,2.13621,0.0,5.320325,0.096628,0.75,0.9353354,E,155.699997,146.699997,165.599991,0.83,0.83,,,,,,,B,1.041272,1.0,1.15,0.75,0.9361328,A,1e-06,0.93,0.9353354,B,9.333333,1.9,19.1,0.8968716,0.8968716,B,4.733053,1.537576,8.563896,0.114776,0.65,0.65,post-1985,M,agriculture,AGRICULTURE,C_5,Not applied,216142.0,A,171.0,2.0,GBP,Metres,0.0,0.0,32.0,272.0,0.0,0.0,10.0,0.0,314.0,314.0,0.0014515256,1.0,0.0
1,,,,,,,East Midlands (England),United Kingdom,52.7702909069,0.1894779759,23047437,100030889668,2045,ssp245,Undefended,A,A,0.0,0.0,0.0,,D,0.06,0.06,0.07,,E,0.6,0.52,0.68,,A,4.295989,0.0,11.320576,0.101657,0.75,0.9353354,E,157.5,147.599991,171.0,0.83,0.83,,,,,,,B,1.075685,1.0,1.15,0.75,0.9361328,A,3e-06,0.93,0.9353354,C,10.991667,2.9,21.0,0.8968716,0.8968716,C,4.833893,1.41849,9.350992,0.164992,0.65,0.65,pre-1919,M,residential,SINGLE_RES,C_5,Not applied,1119385.0,A,824.6,2.0,GBP,Metres,0.0,224.0,4084.0,1607.0,0.0,0.0,53.0,0.0,5968.0,1194.0,0.0053310577,5.0,0.0
10,,,,,,,East Midlands (England),United Kingdom,53.050081479,0.158874125,,,2045,ssp245,Undefended,A,A,0.0,0.0,0.0,,D,0.08,0.07,0.08,,E,0.9,0.82,0.98,,A,1.746652,0.0,6.049184,0.134757,0.75,0.9353354,E,159.300003,149.399994,171.899994,0.83,0.83,,,,,,,A,0.987065,0.0,1.0,0.75,0.9361328,A,1e-06,0.93,0.9353354,A,2.108333,0.0,6.0,0.8968716,0.8968716,D,5.186023,1.4457,10.4583,0.172006,0.65,0.65,post-1985,D,commercial,,C_5,Not applied,1263991.0,D,1000.0,1.0,GBP,Metres,0.0,400.0,10471.0,1278.0,0.0,0.0,60.0,0.0,12208.0,12208.0,0.0096586937,1.0,0.0
2,,,,,,,East Midlands (England),United Kingdom,52.8408284176,0.1697058665,23337180,200001147586,2045,ssp245,Undefended,B,A,0.0,0.0,0.0,,A,0.0,0.0,0.0,,F,1.43,1.33,1.54,,A,3.534666,0.0,9.656389,0.138198,0.75,0.9353354,E,157.5,147.599991,170.099991,0.83,0.83,,,,,,,A,0.975305,0.0,1.0,0.75,0.9361328,A,1e-06,0.93,0.9353354,C,10.991667,2.9,21.0,0.8968716,0.8968716,C,4.833893,1.41849,9.350992,0.164992,0.65,0.65,post-1985,A,residential,SINGLE_RES,C_4,Not applied,297561.0,A,219.2,1.0,GBP,Metres,0.0,0.0,7835.0,287.0,0.0,0.0,146.0,0.0,8268.0,8268.0,0.0277866885,1.0,0.0
3,,,,,,,East Midlands (England),United Kingdom,52.8494594446,0.1414652949,917061,,2045,ssp245,Undefended,A,A,0.0,0.0,0.0,,A,0.0,0.0,0.0,,E,1.24,1.14,1.38,,A,3.458822,0.0,9.400208,0.090623,0.75,0.9353354,E,157.5,147.599991,170.099991,0.83,0.83,,,,,,,A,0.968345,0.0,1.0,0.75,0.9361328,A,1e-06,0.93,0.9353354,C,10.875,3.0,21.0,0.8968716,0.8968716,C,4.833893,1.41849,9.350992,0.164992,0.65,0.65,post-1985,M,residential,SINGLE_RES,C_4,Not applied,31765.0,A,23.4,1.0,GBP,Metres,0.0,0.0,526.0,30.0,0.0,0.0,16.0,0.0,572.0,572.0,0.0180119534,1.0,0.0
4,,,,,,,East Midlands (England),United Kingdom,52.8548146185,0.1709734372,22418623,,2045,ssp245,Undefended,E,A,0.0,0.0,0.0,,A,0.0,0.0,0.0,,F,1.82,1.74,1.9,,B,3.373479,0.0,9.332482,0.187452,0.75,0.9353354,E,157.5,147.599991,170.099991,0.83,0.83,,,,,,,A,0.972292,0.0,1.0,0.75,0.9361328,A,0.0,0.93,0.9353354,C,10.991667,2.9,21.0,0.8968716,0.8968716,C,4.784795,1.431813,9.528788,0.162974,0.65,0.65,post-1985,M,residential,SINGLE_RES,C_4,Not applied,35838.0,A,26.4,1.0,GBP,Metres,0.0,0.0,3534.0,34.0,0.0,46.0,18.0,0.0,3633.0,3633.0,0.1013610754,1.0,0.0
5,,,,,,,East Midlands (England),United Kingdom,52.8483471645,0.1166868854,23318602,10002548311,2045,ssp245,Undefended,A,A,0.0,0.0,0.0,,A,0.0,0.0,0.0,,E,1.34,1.24,1.46,,B,3.487252,0.0,9.36778,0.1847,0.75,0.9353354,E,154.800003,144.899994,167.399994,0.83,0.83,,,,,,,A,0.958345,0.0,1.0,0.75,0.9361328,A,0.0,0.93,0.9353354,C,10.875,3.0,21.0,0.8968716,0.8968716,C,4.833893,1.41849,9.350992,0.164992,0.65,0.65,post-1985,M,residential,SINGLE_RES,C_4,Not applied,323354.0,A,238.2,2.0,GBP,Metres,0.0,0.0,2545.0,290.0,0.0,387.0,158.0,0.0,3380.0,3380.0,0.0104520943,1.0,0.0
6,Marsh Rd,Holbeach Hurn,PE12 8JY,1.0,,,East Midlands (England),United Kingdom,52.8231572,0.0656962,4441069,100032161463,2045,ssp245,Undefended,A,A,0.0,0.0,0.0,,A,0.0,0.0,0.0,,C,0.0,0.0,0.0,,A,3.819655,0.0,9.804724,0.118228,0.75,0.9353354,E,154.800003,144.899994,167.399994,0.83,0.83,,,,,,,B,1.059572,1.0,1.15,0.75,0.9361328,A,1e-06,0.93,0.9353354,C,10.875,3.0,21.0,0.8968716,0.8968716,C,4.901132,1.09751,10.267331,0.16738,0.65,0.65,pre-1919,M,residential,SINGLE_RES,C_5,Not applied,317381.0,A,233.8,2.0,GBP,Metres,0.0,0.0,151.0,428.0,0.0,0.0,15.0,0.0,594.0,594.0,0.0018729933,1.0,0.0
7,,,,,,,East Midlands (England),United Kingdom,52.8088689,0.1259753,23062655,100030887449,2045,ssp245,Undefended,A,A,0.0,0.0,0.0,,A,0.0,0.0,0.0,,E,0.6,0.5,0.72,,B,3.920589,0.0,10.250253,0.163153,0.75,0.9353354,E,154.800003,144.899994,167.399994,0.83,0.83,,,,,,,B,1.065225,1.0,1.15,0.75,0.9361328,A,6e-06,0.93,0.9353354,C,10.875,3.0,21.0,0.8968716,0.8968716,C,4.833893,1.41849,9.350992,0.164992,0.65,0.65,pre-1919,M,residential,SINGLE_RES,C_5,Not applied,268240.0,A,197.6,2.0,GBP,Metres,0.0,0.0,692.0,370.0,0.0,120.0,13.0,0.0,1196.0,1196.0,0.0044571731,1.0,0.0
8,Pinstock Lane,Spalding,PE12 0BT,,,,East Midlands (England),United Kingdom,52.7960426,0.0741809,22823054,100030891649,2045,ssp245,Undefended,A,A,0.0,0.0,0.0,,A,0.0,0.0,0.0,,D,0.17,0.11,0.25,,A,4.114028,0.0,10.383463,0.127764,0.75,0.9353354,E,154.800003,144.899994,167.399994,0.83,0.83,,,,,,,C,1.273048,1.15,1.3,0.75,0.9361328,A,3e-06,0.93,0.9353354,C,10.875,3.0,21.0,0.8968716,0.8968716,C,4.901132,1.09751,10.267331,0.16738,0.65,0.65,pre-1919,M,residential,SINGLE_RES,C_5,Not applied,221542.0,A,163.2,2.0,GBP,Metres,0.0,0.0,254.0,630.0,0.0,0.0,11.0,0.0,895.0,895.0,0.0040416741,1.0,0.0
9,Witham Town,Boston,PE21 9JY,6.0,,,East Midlands (England),United Kingdom,52.9835697,-0.0310725,13519302,200004467536,2045,ssp245,Undefended,A,A,0.0,0.0,0.0,,A,0.0,0.0,0.0,,B,0.0,0.0,0.0,,A,2.227964,0.0,6.992078,0.096628,0.75,0.9353354,E,155.699997,145.800003,168.300003,0.83,0.83,,,,,,,B,1.04238,1.0,1.15,0.75,0.9361328,A,1e-06,0.93,0.9353354,C,10.933333,2.0,23.1,0.8968716,0.8968716,D,5.262764,1.532634,10.246646,0.17243,0.65,0.65,post-1985,M,agriculture,AGRICULTURE,C_5,Not applied,216142.0,A,171.0,2.0,GBP,Metres,0.0,0.0,33.0,273.0,0.0,0.0,10.0,0.0,316.0,316.0,0.0014635549,1.0,0.0
1,,,,,,,East Midlands (England),United Kingdom,52.7702909069,0.1894779759,23047437,100030889668,2050,ssp245,Undefended,A,A,0.0,0.0,0.0,,D,0.07,0.06,0.07,,E,0.64,0.55,0.74,,A,6.258414,0.0,15.289946,0.101657,0.75,0.9353354,E,157.5,145.800003,172.799988,0.83,0.83,,,,,,,B,1.076779,1.0,1.15,0.75,0.9361328,A,3e-06,0.93,0.9353354,C,12.85,2.0,25.0,0.8968716,0.8968716,C,5.856081,1.391098,10.201965,0.148126,0.65,0.65,pre-1919,M,residential,SINGLE_RES,C_5,Not applied,1119385.0,A,824.6,2.0,GBP,Metres,0.0,256.0,4438.0,1613.0,0.0,0.0,53.0,0.0,6360.0,1272.0,0.0056816156,5.0,0.0
10,,,,,,,East Midlands (England),United Kingdom,53.050081479,0.158874125,,,2050,ssp245,Undefended,A,A,0.0,0.0,0.0,,D,0.08,0.07,0.08,,E,0.94,0.84,1.04,,A,2.538744,0.0,7.109184,0.134757,0.75,0.9353354,E,159.300003,147.599991,173.699997,0.83,0.83,,,,,,,A,0.988045,0.0,1.0,0.75,0.9361328,A,1e-06,0.93,0.9353354,A,3.091667,0.0,9.0,0.8968716,0.8968716,C,5.931305,1.543174,10.61722,0.130002,0.65,0.65,post-1985,D,commercial,,C_5,Not applied,1263991.0,D,1000.0,1.0,GBP,Metres,0.0,400.0,11212.0,1283.0,0.0,0.0,60.0,0.0,12955.0,12955.0,0.0102493818,1.0,0.0
2,,,,,,,East Midlands (England),United Kingdom,52.8408284176,0.1697058665,23337180,200001147586,2050,ssp245,Undefended,B,A,0.0,0.0,0.0,,A,0.0,0.0,0.0,,F,1.48,1.36,1.61,,A,5.171337,0.0,12.793447,0.138198,0.75,0.9353354,E,157.5,145.800003,172.799988,0.83,0.83,,,,,,,A,0.976381,0.0,1.0,0.75,0.9361328,A,1e-06,0.93,0.9353354,C,12.85,2.0,25.0,0.8968716,0.8968716,C,5.856081,1.391098,10.201965,0.148126,0.65,0.65,post-1985,A,residential,SINGLE_RES,C_4,Not applied,297561.0,A,219.2,1.0,GBP,Metres,0.0,0.0,8504.0,288.0,0.0,0.0,146.0,0.0,8938.0,8938.0,0.0300381559,1.0,0.0
3,,,,,,,East Midlands (England),United Kingdom,52.8494594446,0.1414652949,917061,,2050,ssp245,Undefended,A,A,0.0,0.0,0.0,,A,0.0,0.0,0.0,,E,1.3,1.17,1.46,,A,5.067898,0.0,12.485748,0.090623,0.75,0.9353354,E,157.5,145.800003,172.799988,0.83,0.83,,,,,,,A,0.969422,0.0,1.0,0.75,0.9361328,A,1e-06,0.93,0.9353354,C,12.625,2.9,23.1,0.8968716,0.8968716,C,5.856081,1.391098,10.201965,0.148126,0.65,0.65,post-1985,M,residential,SINGLE_RES,C_4,Not applied,31765.0,A,23.4,1.0,GBP,Metres,0.0,0.0,553.0,30.0,0.0,0.0,16.0,0.0,599.0,599.0,0.0188423927,1.0,0.0
4,,,,,,,East Midlands (England),United Kingdom,52.8548146185,0.1709734372,22418623,,2050,ssp245,Undefended,E,A,0.0,0.0,0.0,,A,0.0,0.0,0.0,,F,1.86,1.76,1.95,,B,4.939799,0.0,12.2824,0.187452,0.75,0.9353354,E,157.5,145.800003,172.799988,0.83,0.83,,,,,,,A,0.973364,0.0,1.0,0.75,0.9361328,A,0.0,0.93,0.9353354,C,12.85,2.0,25.0,0.8968716,0.8968716,C,5.41246,1.418099,9.839777,0.136008,0.65,0.65,post-1985,M,residential,SINGLE_RES,C_4,Not applied,35838.0,A,26.4,1.0,GBP,Metres,0.0,0.0,3674.0,34.0,0.0,48.0,18.0,0.0,3774.0,3774.0,0.1053131939,1.0,0.0
5,,,,,,,East Midlands (England),United Kingdom,52.8483471645,0.1166868854,23318602,10002548311,2050,ssp245,Undefended,A,A,0.0,0.0,0.0,,A,0.0,0.0,0.0,,E,1.4,1.27,1.54,,B,5.113471,0.0,12.517994,0.1847,0.75,0.9353354,E,154.800003,143.099991,169.199997,0.83,0.83,,,,,,,A,0.959426,0.0,1.0,0.75,0.9361328,A,0.0,0.93,0.9353354,C,12.625,2.9,23.1,0.8968716,0.8968716,C,5.856081,1.391098,10.201965,0.148126,0.65,0.65,post-1985,M,residential,SINGLE_RES,C_4,Not applied,323354.0,A,238.2,2.0,GBP,Metres,0.0,0.0,2633.0,291.0,0.0,408.0,158.0,0.0,3490.0,3490.0,0.0107922177,1.0,0.0
6,Marsh Rd,Holbeach Hurn,PE12 8JY,1.0,,,East Midlands (England),United Kingdom,52.8231572,0.0656962,4441069,100032161463,2050,ssp245,Undefended,A,A,0.0,0.0,0.0,,A,0.0,0.0,0.0,,C,0.0,0.0,0.0,,A,5.602166,0.0,13.429752,0.118228,0.75,0.9353354,E,154.800003,143.099991,169.199997,0.83,0.83,,,,,,,B,1.060664,1.0,1.15,0.75,0.9361328,A,1e-06,0.93,0.9353354,C,12.625,2.9,23.1,0.8968716,0.8968716,E,6.051168,1.231156,11.182705,0.150587,0.65,0.65,pre-1919,M,residential,SINGLE_RES,C_5,Not applied,317381.0,A,233.8,2.0,GBP,Metres,0.0,0.0,165.0,430.0,0.0,0.0,15.0,0.0,610.0,610.0,0.0019224303,1.0,0.0
7,,,,,,,East Midlands (England),United Kingdom,52.8088689,0.1259753,23062655,100030887449,2050,ssp245,Undefended,A,A,0.0,0.0,0.0,,A,0.0,0.0,0.0,,E,0.65,0.53,0.8,,B,5.73466,0.0,13.904225,0.163153,0.75,0.9353354,E,154.800003,143.099991,169.199997,0.83,0.83,,,,,,,B,1.066314,1.0,1.15,0.75,0.9361328,A,6e-06,0.93,0.9353354,C,12.625,2.9,23.1,0.8968716,0.8968716,C,5.856081,1.391098,10.201965,0.148126,0.65,0.65,pre-1919,M,residential,SINGLE_RES,C_5,Not applied,268240.0,A,197.6,2.0,GBP,Metres,0.0,0.0,815.0,372.0,0.0,140.0,13.0,0.0,1340.0,1340.0,0.0049947011,1.0,0.0
8,Pinstock Lane,Spalding,PE12 0BT,,,,East Midlands (England),United Kingdom,52.7960426,0.0741809,22823054,100030891649,2050,ssp245,Undefended,A,A,0.0,0.0,0.0,,A,0.0,0.0,0.0,,D,0.2,0.13,0.3,,A,6.024802,0.0,14.361226,0.127764,0.75,0.9353354,E,154.800003,143.099991,169.199997,0.83,0.83,,,,,,,C,1.274145,1.15,1.3,0.75,0.9361328,A,3e-06,0.93,0.9353354,C,12.625,2.9,23.1,0.8968716,0.8968716,E,6.051168,1.231156,11.182705,0.150587,0.65,0.65,pre-1919,M,residential,SINGLE_RES,C_5,Not applied,221542.0,A,163.2,2.0,GBP,Metres,0.0,0.0,274.0,632.0,0.0,0.0,11.0,0.0,917.0,917.0,0.00413722,1.0,0.0
9,Witham Town,Boston,PE21 9JY,6.0,,,East Midlands (England),United Kingdom,52.9835697,-0.0310725,13519302,200004467536,2050,ssp245,Undefended,A,A,0.0,0.0,0.0,,A,0.0,0.0,0.0,,B,0.0,0.0,0.0,,A,3.315209,0.0,8.563513,0.096628,0.75,0.9353354,E,155.699997,144.0,170.099991,0.83,0.83,,,,,,,B,1.043439,1.0,1.15,0.75,0.9361328,A,1e-06,0.93,0.9353354,C,12.908334,2.0,26.0,0.8968716,0.8968716,D,6.225729,1.489006,10.985003,0.13557,0.65,0.65,post-1985,M,agriculture,AGRICULTURE,C_5,Not applied,216142.0,A,171.0,2.0,GBP,Metres,0.0,0.0,35.0,274.0,0.0,0.0,10.0,0.0,319.0,319.0,0.0014755365,1.0,0.0
1,,,,,,,East Midlands (England),United Kingdom,52.7702909069,0.1894779759,23047437,100030889668,2060,ssp245,Undefended,A,A,0.0,0.0,0.0,,D,0.07,0.06,0.07,,E,0.72,0.6,0.85,,A,6.492406,0.0,16.408876,0.101657,0.75,0.9353354,E,157.5,143.099991,174.599991,0.83,0.83,,,,,,,B,1.079394,1.0,1.15,0.75,0.9361328,A,3e-06,0.93,0.9353354,D,16.424999,5.0,33.0,0.8968716,0.8968716,C,4.764884,1.252995,9.221139,0.172366,0.65,0.65,pre-1919,M,residential,SINGLE_RES,C_5,Not applied,1119385.0,A,824.6,2.0,GBP,Metres,0.0,256.0,5253.0,1630.0,0.0,0.0,53.0,0.0,7192.0,1438.0,0.0064247118,5.0,0.0
10,,,,,,,East Midlands (England),United Kingdom,53.050081479,0.158874125,,,2060,ssp245,Undefended,A,A,0.0,0.0,0.0,,D,0.08,0.07,0.08,,F,1.02,0.89,1.16,,A,2.475976,0.0,6.885664,0.134757,0.75,0.9353354,E,159.300003,144.899994,175.5,0.83,0.83,,,,,,,A,0.990589,0.0,1.0,0.75,0.9361328,A,1e-06,0.93,0.9353354,A,4.533333,0.0,11.0,0.8968716,0.8968716,C,4.753604,1.123173,8.705195,0.159901,0.65,0.65,post-1985,D,commercial,,C_5,Not applied,1263991.0,D,1000.0,1.0,GBP,Metres,0.0,400.0,14115.0,1297.0,0.0,0.0,60.0,0.0,15872.0,15872.0,0.0125568285,1.0,0.0
2,,,,,,,East Midlands (England),United Kingdom,52.8408284176,0.1697058665,23337180,200001147586,2060,ssp245,Undefended,B,A,0.0,0.0,0.0,,A,0.0,0.0,0.0,,F,1.58,1.43,1.76,,A,5.327878,0.0,13.51362,0.138198,0.75,0.9353354,E,157.5,143.099991,174.599991,0.83,0.83,,,,,,,A,0.979004,0.0,1.0,0.75,0.9361328,A,1e-06,0.93,0.9353354,D,16.424999,5.0,33.0,0.8968716,0.8968716,C,4.764884,1.252995,9.221139,0.172366,0.65,0.65,post-1985,A,residential,SINGLE_RES,C_4,Not applied,297561.0,A,219.2,1.0,GBP,Metres,0.0,0.0,10279.0,291.0,0.0,0.0,146.0,0.0,10716.0,10716.0,0.0360118159,1.0,0.0
3,,,,,,,East Midlands (England),United Kingdom,52.8494594446,0.1414652949,917061,,2060,ssp245,Undefended,A,A,0.0,0.0,0.0,,A,0.0,0.0,0.0,,F,1.41,1.25,1.63,,A,5.222427,0.0,13.134206,0.090623,0.75,0.9353354,E,157.5,143.099991,174.599991,0.83,0.83,,,,,,,A,0.972055,0.0,1.0,0.75,0.9361328,A,1e-06,0.93,0.9353354,D,15.925,4.0,31.1,0.8968716,0.8968716,C,4.764884,1.252995,9.221139,0.172366,0.65,0.65,post-1985,M,residential,SINGLE_RES,C_4,Not applied,31765.0,A,23.4,1.0,GBP,Metres,0.0,0.0,608.0,30.0,0.0,0.0,16.0,0.0,654.0,654.0,0.0205945963,1.0,0.0
4,,,,,,,East Midlands (England),United Kingdom,52.8548146185,0.1709734372,22418623,,2060,ssp245,Undefended,E,A,0.0,0.0,0.0,,A,0.0,0.0,0.0,,F,1.94,1.81,2.06,,B,5.077279,0.0,12.92704,0.187452,0.75,0.9353354,E,157.5,143.099991,174.599991,0.83,0.83,,,,,,,A,0.975983,0.0,1.0,0.75,0.9361328,A,0.0,0.93,0.9353354,D,16.424999,5.0,33.0,0.8968716,0.8968716,C,4.568396,1.178777,8.340228,0.160691,0.65,0.65,post-1985,M,residential,SINGLE_RES,C_4,Not applied,35838.0,A,26.4,1.0,GBP,Metres,0.0,0.0,3910.0,35.0,0.0,49.0,18.0,0.0,4011.0,4011.0,0.1119347273,1.0,0.0
5,,,,,,,East Midlands (England),United Kingdom,52.8483471645,0.1166868854,23318602,10002548311,2060,ssp245,Undefended,A,A,0.0,0.0,0.0,,A,0.0,0.0,0.0,,F,1.51,1.34,1.7,,B,5.277476,0.0,13.148702,0.1847,0.75,0.9353354,E,154.800003,140.399994,171.0,0.83,0.83,,,,,,,A,0.962067,0.0,1.0,0.75,0.9361328,A,0.0,0.93,0.9353354,D,15.925,4.0,31.1,0.8968716,0.8968716,C,4.764884,1.252995,9.221139,0.172366,0.65,0.65,post-1985,M,residential,SINGLE_RES,C_4,Not applied,323354.0,A,238.2,2.0,GBP,Metres,0.0,0.0,3522.0,295.0,0.0,410.0,158.0,0.0,4385.0,4385.0,0.0135618326,1.0,0.0
6,Marsh Rd,Holbeach Hurn,PE12 8JY,1.0,,,East Midlands (England),United Kingdom,52.8231572,0.0656962,4441069,100032161463,2060,ssp245,Undefended,A,A,0.0,0.0,0.0,,A,0.0,0.0,0.0,,D,0.02,0.01,0.18,,A,5.827246,0.0,14.144136,0.118228,0.75,0.9353354,E,154.800003,140.399994,171.0,0.83,0.83,,,,,,,B,1.063319,1.0,1.15,0.75,0.9361328,A,1e-06,0.93,0.9353354,D,15.925,4.0,31.1,0.8968716,0.8968716,C,4.689657,1.11585,9.283745,0.173201,0.65,0.65,pre-1919,M,residential,SINGLE_RES,C_5,Not applied,317381.0,A,233.8,2.0,GBP,Metres,0.0,0.0,264.0,435.0,0.0,0.0,15.0,0.0,714.0,714.0,0.0022486508,1.0,0.0
7,,,,,,,East Midlands (England),United Kingdom,52.8088689,0.1259753,23062655,100030887449,2060,ssp245,Undefended,A,A,0.0,0.0,0.0,,A,0.0,0.0,0.0,,E,0.76,0.6,0.97,,B,5.953088,0.0,14.747396,0.163153,0.75,0.9353354,E,154.800003,140.399994,171.0,0.83,0.83,,,,,,,B,1.068949,1.0,1.15,0.75,0.9361328,A,6e-06,0.93,0.9353354,D,15.925,4.0,31.1,0.8968716,0.8968716,C,4.764884,1.252995,9.221139,0.172366,0.65,0.65,pre-1919,M,residential,SINGLE_RES,C_5,Not applied,268240.0,A,197.6,2.0,GBP,Metres,0.0,0.0,1085.0,375.0,0.0,142.0,13.0,0.0,1615.0,1615.0,0.0060217736,1.0,0.0
8,Pinstock Lane,Spalding,PE12 0BT,,,,East Midlands (England),United Kingdom,52.7960426,0.0741809,22823054,100030891649,2060,ssp245,Undefended,A,A,0.0,0.0,0.0,,A,0.0,0.0,0.0,,E,0.27,0.17,0.41,,A,6.290923,0.0,15.216318,0.127764,0.75,0.9353354,E,154.800003,140.399994,171.0,0.83,0.83,,,,,,,C,1.276795,1.15,1.3,0.75,0.9361328,A,3e-06,0.93,0.9353354,D,15.925,4.0,31.1,0.8968716,0.8968716,C,4.689657,1.11585,9.283745,0.173201,0.65,0.65,pre-1919,M,residential,SINGLE_RES,C_5,Not applied,221542.0,A,163.2,2.0,GBP,Metres,0.0,0.0,326.0,638.0,0.0,0.0,11.0,0.0,975.0,975.0,0.0044009697,1.0,0.0
9,Witham Town,Boston,PE21 9JY,6.0,,,East Midlands (England),United Kingdom,52.9835697,-0.0310725,13519302,200004467536,2060,ssp245,Undefended,A,A,0.0,0.0,0.0,,A,0.0,0.0,0.0,,C,0.0,0.0,0.01,,A,3.274315,0.0,8.576944,0.096628,0.75,0.9353354,E,155.699997,141.300003,171.899994,0.83,0.83,,,,,,,B,1.046088,1.0,1.15,0.75,0.9361328,A,1e-06,0.93,0.9353354,D,16.275,4.0,31.1,0.8968716,0.8968716,C,4.804115,1.178869,8.760688,0.163423,0.65,0.65,post-1985,M,agriculture,AGRICULTURE,C_5,Not applied,216142.0,A,171.0,2.0,GBP,Metres,0.0,0.0,42.0,277.0,0.0,0.0,10.0,0.0,329.0,329.0,0.0015228945,1.0,0.0
1,,,,,,,East Midlands (England),United Kingdom,52.7702909069,0.1894779759,23047437,100030889668,2070,ssp245,Undefended,A,A,0.0,0.0,0.0,,D,0.07,0.06,0.07,,E,0.8,0.66,0.97,,A,8.131594,0.0,20.747597,0.101657,0.75,0.9353354,E,157.5,143.099991,176.399994,0.83,0.83,,,,,,,B,1.080137,1.0,1.15,0.75,0.9361328,A,3e-06,0.93,0.9353354,D,18.216667,6.0,36.0,0.8968716,0.8968716,D,5.028482,1.176664,9.222528,0.151496,0.65,0.65,pre-1919,M,residential,SINGLE_RES,C_5,Not applied,1119385.0,A,824.6,2.0,GBP,Metres,0.0,256.0,6193.0,1634.0,0.0,0.0,53.0,0.0,8136.0,1627.0,0.0072682153,5.0,0.0
10,,,,,,,East Midlands (England),United Kingdom,53.050081479,0.158874125,,,2070,ssp245,Undefended,A,A,0.0,0.0,0.0,,D,0.08,0.07,0.08,,F,1.11,0.95,1.29,,A,3.833904,0.0,10.485825,0.134757,0.75,0.9353354,E,159.300003,144.899994,177.299988,0.83,0.83,,,,,,,A,0.99139,0.0,1.0,0.75,0.9361328,A,1e-06,0.93,0.9353354,A,5.533333,0.0,15.0,0.8968716,0.8968716,C,4.587211,1.092211,8.784631,0.154052,0.65,0.65,post-1985,D,commercial,,C_5,Not applied,1263991.0,D,1000.0,1.0,GBP,Metres,0.0,400.0,16010.0,1301.0,0.0,0.0,60.0,0.0,17770.0,17770.0,0.0140590291,1.0,0.0
2,,,,,,,East Midlands (England),United Kingdom,52.8408284176,0.1697058665,23337180,200001147586,2070,ssp245,Undefended,B,A,0.0,0.0,0.0,,A,0.0,0.0,0.0,,F,1.69,1.49,1.91,,A,6.880731,0.0,17.766901,0.138198,0.75,0.9353354,E,157.5,143.099991,175.5,0.83,0.83,,,,,,,A,0.979738,0.0,1.0,0.75,0.9361328,A,1e-06,0.93,0.9353354,D,18.216667,6.0,36.0,0.8968716,0.8968716,D,5.028482,1.176664,9.222528,0.151496,0.65,0.65,post-1985,A,residential,SINGLE_RES,C_4,Not applied,297561.0,A,219.2,1.0,GBP,Metres,0.0,0.0,12434.0,292.0,0.0,0.0,146.0,0.0,12872.0,12872.0,0.0432588451,1.0,0.0
3,,,,,,,East Midlands (England),United Kingdom,52.8494594446,0.1414652949,917061,,2070,ssp245,Undefended,A,A,0.0,0.0,0.0,,A,0.0,0.0,0.0,,F,1.53,1.33,1.79,,A,6.773946,0.0,17.591007,0.090623,0.75,0.9353354,E,157.5,143.099991,175.5,0.83,0.83,,,,,,,A,0.972776,0.0,1.0,0.75,0.9361328,A,1e-06,0.93,0.9353354,D,17.700001,6.0,35.099998,0.8968716,0.8968716,D,5.028482,1.176664,9.222528,0.151496,0.65,0.65,post-1985,M,residential,SINGLE_RES,C_4,Not applied,31765.0,A,23.4,1.0,GBP,Metres,0.0,0.0,699.0,30.0,0.0,0.0,16.0,0.0,745.0,745.0,0.0234568877,1.0,0.0
4,,,,,,,East Midlands (England),United Kingdom,52.8548146185,0.1709734372,22418623,,2070,ssp245,Undefended,E,A,0.0,0.0,0.0,,A,0.0,0.0,0.0,,F,2.02,1.87,2.17,,B,6.611439,0.0,17.115042,0.187452,0.75,0.9353354,E,157.5,143.099991,175.5,0.83,0.83,,,,,,,A,0.976718,0.0,1.0,0.75,0.9361328,A,0.0,0.93,0.9353354,D,18.216667,6.0,36.0,0.8968716,0.8968716,C,4.788248,1.173115,8.737895,0.151087,0.65,0.65,post-1985,M,residential,SINGLE_RES,C_4,Not applied,35838.0,A,26.4,1.0,GBP,Metres,0.0,0.0,4166.0,35.0,0.0,51.0,18.0,0.0,4270.0,4270.0,0.1191495726,1.0,0.0
5,,,,,,,East Midlands (England),United Kingdom,52.8483471645,0.1166868854,23318602,10002548311,2070,ssp245,Undefended,A,A,0.0,0.0,0.0,,A,0.0,0.0,0.0,,F,1.62,1.42,1.86,,B,6.838495,0.0,17.816702,0.1847,0.75,0.9353354,E,154.800003,140.399994,172.799988,0.83,0.83,,,,,,,A,0.962774,0.0,1.0,0.75,0.9361328,A,0.0,0.93,0.9353354,D,17.700001,6.0,35.099998,0.8968716,0.8968716,D,5.028482,1.176664,9.222528,0.151496,0.65,0.65,post-1985,M,residential,SINGLE_RES,C_4,Not applied,323354.0,A,238.2,2.0,GBP,Metres,0.0,0.0,3951.0,295.0,0.0,430.0,158.0,0.0,4834.0,4834.0,0.0149502207,1.0,0.0
6,Marsh Rd,Holbeach Hurn,PE12 8JY,1.0,,,East Midlands (England),United Kingdom,52.8231572,0.0656962,4441069,100032161463,2070,ssp245,Undefended,A,A,0.0,0.0,0.0,,A,0.0,0.0,0.0,,D,0.07,0.03,0.3,,A,7.429932,0.0,19.327658,0.118228,0.75,0.9353354,E,154.800003,140.399994,172.799988,0.83,0.83,,,,,,,B,1.064,1.0,1.15,0.75,0.9361328,A,1e-06,0.93,0.9353354,D,17.700001,6.0,35.099998,0.8968716,0.8968716,C,4.98435,1.195006,9.177488,0.154562,0.65,0.65,pre-1919,M,residential,SINGLE_RES,C_5,Not applied,317381.0,A,233.8,2.0,GBP,Metres,0.0,0.0,320.0,436.0,0.0,0.0,15.0,0.0,771.0,771.0,0.0024298696,1.0,0.0
7,,,,,,,East Midlands (England),United Kingdom,52.8088689,0.1259753,23062655,100030887449,2070,ssp245,Undefended,A,A,0.0,0.0,0.0,,A,0.0,0.0,0.0,,E,0.87,0.68,1.14,,B,7.55501,0.0,19.475876,0.163153,0.75,0.9353354,E,154.800003,140.399994,172.799988,0.83,0.83,,,,,,,B,1.069662,1.0,1.15,0.75,0.9361328,A,6e-06,0.93,0.9353354,D,17.700001,6.0,35.099998,0.8968716,0.8968716,D,5.028482,1.176664,9.222528,0.151496,0.65,0.65,pre-1919,M,residential,SINGLE_RES,C_5,Not applied,268240.0,A,197.6,2.0,GBP,Metres,0.0,0.0,1279.0,376.0,0.0,159.0,13.0,0.0,1827.0,1827.0,0.0068108989,1.0,0.0
8,Pinstock Lane,Spalding,PE12 0BT,,,,East Midlands (England),United Kingdom,52.7960426,0.0741809,22823054,100030891649,2070,ssp245,Undefended,A,A,0.0,0.0,0.0,,A,0.0,0.0,0.0,,E,0.35,0.22,0.53,,A,7.917122,0.0,20.427679,0.127764,0.75,0.9353354,E,154.800003,140.399994,172.799988,0.83,0.83,,,,,,,C,1.277481,1.15,1.3,0.75,0.9361328,A,3e-06,0.93,0.9353354,D,17.700001,6.0,35.099998,0.8968716,0.8968716,C,4.98435,1.195006,9.177488,0.154562,0.65,0.65,pre-1919,M,residential,SINGLE_RES,C_5,Not applied,221542.0,A,163.2,2.0,GBP,Metres,0.0,0.0,405.0,639.0,0.0,0.0,11.0,0.0,1055.0,1055.0,0.0047610609,1.0,0.0
9,Witham Town,Boston,PE21 9JY,6.0,,,East Midlands (England),United Kingdom,52.9835697,-0.0310725,13519302,200004467536,2070,ssp245,Undefended,A,A,0.0,0.0,0.0,,A,0.0,0.0,0.0,,C,0.0,0.0,0.06,,A,4.766011,0.0,13.612785,0.096628,0.75,0.9353354,E,155.699997,141.300003,173.699997,0.83,0.83,,,,,,,B,1.046775,1.0,1.15,0.75,0.9361328,A,1e-06,0.93,0.9353354,D,18.208334,5.0,37.099998,0.8968716,0.8968716,C,4.580505,1.180634,8.868325,0.160407,0.65,0.65,post-1985,M,agriculture,AGRICULTURE,C_5,Not applied,216142.0,A,171.0,2.0,GBP,Metres,0.0,0.0,55.0,278.0,0.0,0.0,10.0,0.0,343.0,343.0,0.0015857883,1.0,0.0
1,,,,,,,East Midlands (England),United Kingdom,52.7702909069,0.1894779759,23047437,100030889668,2080,ssp245,Undefended,A,A,0.0,0.0,0.0,,D,0.07,0.06,0.07,,E,0.88,0.71,1.09,,A,8.605903,0.0,26.725262,0.101657,0.75,0.9353354,E,157.5,142.199997,177.299988,0.83,0.83,,,,,,,B,1.080533,1.0,1.15,0.75,0.9361328,A,3e-06,0.93,0.9353354,D,19.825001,6.0,36.0,0.8968716,0.8968716,C,4.668472,1.239119,8.28865,0.156162,0.65,0.65,pre-1919,M,residential,SINGLE_RES,C_5,Not applied,1119385.0,A,824.6,2.0,GBP,Metres,0.0,256.0,7162.0,1637.0,0.0,0.0,53.0,0.0,9107.0,1821.0,0.0081360702,5.0,0.0
10,,,,,,,East Midlands (England),United Kingdom,53.050081479,0.158874125,,,2080,ssp245,Undefended,A,A,0.0,0.0,0.0,,D,0.08,0.07,0.08,,F,1.2,1.01,1.42,,A,3.866512,0.0,12.32352,0.134757,0.75,0.9353354,E,159.300003,144.0,178.199997,0.83,0.83,,,,,,,A,0.991988,0.0,1.0,0.75,0.9361328,A,1e-06,0.93,0.9353354,B,7.408333,0.0,19.1,0.8968716,0.8968716,C,4.846607,1.542056,8.939386,0.164273,0.65,0.65,post-1985,D,commercial,,C_5,Not applied,1263991.0,D,1000.0,1.0,GBP,Metres,0.0,400.0,18178.0,1304.0,0.0,0.0,60.0,0.0,19942.0,19942.0,0.015777004,1.0,0.0
2,,,,,,,East Midlands (England),United Kingdom,52.8408284176,0.1697058665,23337180,200001147586,2080,ssp245,Undefended,C,A,0.0,0.0,0.0,,A,0.0,0.0,0.0,,F,1.79,1.57,2.06,,A,7.246783,0.0,22.334858,0.138198,0.75,0.9353354,E,157.5,141.300003,177.299988,0.83,0.83,,,,,,,A,0.980195,0.0,1.0,0.75,0.9361328,A,1e-06,0.93,0.9353354,D,19.825001,6.0,36.0,0.8968716,0.8968716,C,4.668472,1.239119,8.28865,0.156162,0.65,0.65,post-1985,A,residential,SINGLE_RES,C_4,Not applied,297561.0,A,219.2,1.0,GBP,Metres,0.0,0.0,15783.0,292.0,0.0,0.0,146.0,0.0,16221.0,16221.0,0.0545140523,1.0,0.0
3,,,,,,,East Midlands (England),United Kingdom,52.8494594446,0.1414652949,917061,,2080,ssp245,Undefended,B,A,0.0,0.0,0.0,,A,0.0,0.0,0.0,,F,1.65,1.41,1.96,,A,7.128661,0.0,21.514715,0.090623,0.75,0.9353354,E,157.5,141.300003,177.299988,0.83,0.83,,,,,,,A,0.973239,0.0,1.0,0.75,0.9361328,A,1e-06,0.93,0.9353354,D,19.366667,6.0,35.0,0.8968716,0.8968716,C,4.668472,1.239119,8.28865,0.156162,0.65,0.65,post-1985,M,residential,SINGLE_RES,C_4,Not applied,31765.0,A,23.4,1.0,GBP,Metres,0.0,0.0,808.0,30.0,0.0,0.0,16.0,0.0,854.0,854.0,0.0268820285,1.0,0.0
4,,,,,,,East Midlands (England),United Kingdom,52.8548146185,0.1709734372,22418623,,2080,ssp245,Undefended,E,A,0.0,0.0,0.0,,A,0.0,0.0,0.0,,F,2.09,1.92,2.28,,B,6.954139,0.0,21.522091,0.187452,0.75,0.9353354,E,157.5,141.300003,177.299988,0.83,0.83,,,,,,,A,0.977189,0.0,1.0,0.75,0.9361328,A,0.0,0.93,0.9353354,D,19.825001,6.0,36.0,0.8968716,0.8968716,C,4.388008,1.480466,8.223297,0.157114,0.65,0.65,post-1985,M,residential,SINGLE_RES,C_4,Not applied,35838.0,A,26.4,1.0,GBP,Metres,0.0,0.0,4409.0,35.0,0.0,51.0,18.0,0.0,4513.0,4513.0,0.1259386092,1.0,0.0
5,,,,,,,East Midlands (England),United Kingdom,52.8483471645,0.1166868854,23318602,10002548311,2080,ssp245,Undefended,A,A,0.0,0.0,0.0,,A,0.0,0.0,0.0,,F,1.73,1.5,2.02,,B,7.197102,0.0,21.280781,0.1847,0.75,0.9353354,E,154.800003,139.5,173.699997,0.83,0.83,,,,,,,A,0.963233,0.0,1.0,0.75,0.9361328,A,0.0,0.93,0.9353354,D,19.366667,6.0,35.0,0.8968716,0.8968716,C,4.668472,1.239119,8.28865,0.156162,0.65,0.65,post-1985,M,residential,SINGLE_RES,C_4,Not applied,323354.0,A,238.2,2.0,GBP,Metres,0.0,0.0,4471.0,296.0,0.0,435.0,158.0,0.0,5360.0,5360.0,0.0165758678,1.0,0.0
6,Marsh Rd,Holbeach Hurn,PE12 8JY,1.0,,,East Midlands (England),United Kingdom,52.8231572,0.0656962,4441069,100032161463,2080,ssp245,Undefended,A,A,0.0,0.0,0.0,,A,0.0,0.0,0.0,,D,0.16,0.06,0.43,,A,7.840281,0.0,22.008629,0.118228,0.75,0.9353354,E,154.800003,139.5,173.699997,0.83,0.83,,,,,,,B,1.064441,1.0,1.15,0.75,0.9361328,A,1e-06,0.93,0.9353354,D,19.366667,6.0,35.0,0.8968716,0.8968716,C,4.529676,1.353544,8.579219,0.156503,0.65,0.65,pre-1919,M,residential,SINGLE_RES,C_5,Not applied,317381.0,A,233.8,2.0,GBP,Metres,0.0,0.0,396.0,437.0,0.0,0.0,15.0,0.0,848.0,848.0,0.002672065,1.0,0.0
7,,,,,,,East Midlands (England),United Kingdom,52.8088689,0.1259753,23062655,100030887449,2080,ssp245,Undefended,A,A,0.0,0.0,0.0,,A,0.0,0.0,0.0,,E,0.99,0.75,1.32,,B,7.979189,0.0,23.531607,0.163153,0.75,0.9353354,E,154.800003,139.5,173.699997,0.83,0.83,,,,,,,B,1.070096,1.0,1.15,0.75,0.9361328,A,6e-06,0.93,0.9353354,D,19.366667,6.0,35.0,0.8968716,0.8968716,C,4.668472,1.239119,8.28865,0.156162,0.65,0.65,pre-1919,M,residential,SINGLE_RES,C_5,Not applied,268240.0,A,197.6,2.0,GBP,Metres,0.0,0.0,1478.0,377.0,0.0,164.0,13.0,0.0,2032.0,2032.0,0.0075750589,1.0,0.0
8,Pinstock Lane,Spalding,PE12 0BT,,,,East Midlands (England),United Kingdom,52.7960426,0.0741809,22823054,100030891649,2080,ssp245,Undefended,A,A,0.0,0.0,0.0,,A,0.0,0.0,0.0,,E,0.43,0.27,0.66,,A,8.373809,0.0,23.461369,0.127764,0.75,0.9353354,E,154.800003,139.5,173.699997,0.83,0.83,,,,,,,C,1.277911,1.15,1.3,0.75,0.9361328,A,3e-06,0.93,0.9353354,D,19.366667,6.0,35.0,0.8968716,0.8968716,C,4.529676,1.353544,8.579219,0.156503,0.65,0.65,pre-1919,M,residential,SINGLE_RES,C_5,Not applied,221542.0,A,163.2,2.0,GBP,Metres,0.0,0.0,497.0,640.0,0.0,0.0,11.0,0.0,1148.0,1148.0,0.0051834417,1.0,0.0
9,Witham Town,Boston,PE21 9JY,6.0,,,East Midlands (England),United Kingdom,52.9835697,-0.0310725,13519302,200004467536,2080,ssp245,Undefended,A,A,0.0,0.0,0.0,,A,0.0,0.0,0.0,,C,0.0,0.0,0.12,,A,4.887809,0.0,14.79612,0.096628,0.75,0.9353354,E,155.699997,140.399994,174.599991,0.83,0.83,,,,,,,B,1.04724,1.0,1.15,0.75,0.9361328,A,1e-06,0.93,0.9353354,D,20.116667,6.0,36.099998,0.8968716,0.8968716,C,4.525885,1.14455,8.84703,0.162863,0.65,0.65,post-1985,M,agriculture,AGRICULTURE,C_5,Not applied,216142.0,A,171.0,2.0,GBP,Metres,0.0,0.0,74.0,278.0,0.0,0.0,10.0,0.0,362.0,362.0,0.0016761786,1.0,0.0
1,,,,,,,East Midlands (England),United Kingdom,52.7702909069,0.1894779759,23047437,100030889668,2090,ssp245,Undefended,A,A,0.0,0.0,0.0,,D,0.07,0.06,0.07,,E,0.97,0.77,1.21,,A,9.147258,0.0,25.958113,0.101657,0.75,0.9353354,E,157.5,141.300003,178.199997,0.83,0.83,,,,,,,B,1.084502,1.0,1.15,0.75,0.9361328,A,3e-06,0.93,0.9353354,D,23.558332,8.0,45.0,0.8968716,0.8968716,C,4.596972,1.213075,8.498698,0.151926,0.65,0.65,pre-1919,M,residential,SINGLE_RES,C_5,Not applied,1119385.0,A,824.6,2.0,GBP,Metres,0.0,256.0,8054.0,1661.0,0.0,0.0,53.0,0.0,10023.0,2005.0,0.0089543988,5.0,0.0
10,,,,,,,East Midlands (England),United Kingdom,53.050081479,0.158874125,,,2090,ssp245,Undefended,A,A,0.0,0.0,0.0,,D,0.08,0.08,0.08,,F,1.29,1.07,1.56,,A,4.202928,0.0,12.495616,0.134757,0.75,0.9353354,E,159.300003,143.099991,180.0,0.83,0.83,,,,,,,A,0.995615,0.0,1.0,0.75,0.9361328,A,1e-06,0.93,0.9353354,B,9.55,0.0,29.0,0.8968716,0.8968716,D,5.265526,1.236836,8.736675,0.152972,0.65,0.65,post-1985,D,commercial,,C_5,Not applied,1263991.0,D,1000.0,1.0,GBP,Metres,0.0,400.0,20911.0,1324.0,0.0,0.0,60.0,0.0,22695.0,22695.0,0.017954974,1.0,0.0
2,,,,,,,East Midlands (England),United Kingdom,52.8408284176,0.1697058665,23337180,200001147586,2090,ssp245,Undefended,C,A,0.0,0.0,0.0,,A,0.0,0.0,0.0,,F,1.9,1.64,2.22,,A,7.751292,0.0,22.345232,0.138198,0.75,0.9353354,E,157.5,141.300003,178.199997,0.83,0.83,,,,,,,A,0.98407,0.0,1.0,0.75,0.9361328,A,1e-06,0.93,0.9353354,D,23.558332,8.0,45.0,0.8968716,0.8968716,C,4.596972,1.213075,8.498698,0.151926,0.65,0.65,post-1985,A,residential,SINGLE_RES,C_4,Not applied,297561.0,A,219.2,1.0,GBP,Metres,0.0,0.0,19434.0,297.0,0.0,0.0,146.0,0.0,19877.0,19877.0,0.0668010343,1.0,0.0
3,,,,,,,East Midlands (England),United Kingdom,52.8494594446,0.1414652949,917061,,2090,ssp245,Undefended,B,A,0.0,0.0,0.0,,A,0.0,0.0,0.0,,F,1.77,1.5,2.12,,A,7.624365,0.0,22.160498,0.090623,0.75,0.9353354,E,157.5,141.300003,178.199997,0.83,0.83,,,,,,,A,0.977117,0.0,1.0,0.75,0.9361328,A,1e-06,0.93,0.9353354,D,22.924999,7.9,44.0,0.8968716,0.8968716,C,4.596972,1.213075,8.498698,0.151926,0.65,0.65,post-1985,M,residential,SINGLE_RES,C_4,Not applied,31765.0,A,23.4,1.0,GBP,Metres,0.0,0.0,970.0,31.0,0.0,0.0,16.0,0.0,1017.0,1017.0,0.0320081131,1.0,0.0
4,,,,,,,East Midlands (England),United Kingdom,52.8548146185,0.1709734372,22418623,,2090,ssp245,Undefended,E,A,0.0,0.0,0.0,,A,0.0,0.0,0.0,,F,2.17,1.98,2.39,,B,7.452839,0.0,21.529432,0.187452,0.75,0.9353354,E,157.5,141.300003,178.199997,0.83,0.83,,,,,,,A,0.981043,0.0,1.0,0.75,0.9361328,A,0.0,0.93,0.9353354,D,23.558332,8.0,45.0,0.8968716,0.8968716,C,5.616826,2.679566,8.975036,0.143111,0.65,0.65,post-1985,M,residential,SINGLE_RES,C_4,Not applied,35838.0,A,26.4,1.0,GBP,Metres,0.0,0.0,4640.0,35.0,0.0,52.0,18.0,0.0,4745.0,4745.0,0.1324052073,1.0,0.0
5,,,,,,,East Midlands (England),United Kingdom,52.8483471645,0.1166868854,23318602,10002548311,2090,ssp245,Undefended,A,A,0.0,0.0,0.0,,A,0.0,0.0,0.0,,F,1.84,1.58,2.17,,B,7.688544,0.0,22.4757,0.1847,0.75,0.9353354,E,154.800003,138.599991,175.5,0.83,0.83,,,,,,,A,0.967125,0.0,1.0,0.75,0.9361328,A,0.0,0.93,0.9353354,D,22.924999,7.9,44.0,0.8968716,0.8968716,C,4.596972,1.213075,8.498698,0.151926,0.65,0.65,post-1985,M,residential,SINGLE_RES,C_4,Not applied,323354.0,A,238.2,2.0,GBP,Metres,0.0,0.0,5501.0,301.0,0.0,441.0,158.0,0.0,6401.0,6401.0,0.0197966639,1.0,0.0
6,Marsh Rd,Holbeach Hurn,PE12 8JY,1.0,,,East Midlands (England),United Kingdom,52.8231572,0.0656962,4441069,100032161463,2090,ssp245,Undefended,A,A,0.0,0.0,0.0,,A,0.0,0.0,0.0,,D,0.27,0.1,0.58,,A,8.327471,0.0,24.570951,0.118228,0.75,0.9353354,E,154.800003,138.599991,175.5,0.83,0.83,,,,,,,B,1.068375,1.0,1.15,0.75,0.9361328,A,1e-06,0.93,0.9353354,D,22.924999,7.9,44.0,0.8968716,0.8968716,C,4.499265,1.0811,8.332766,0.15409,0.65,0.65,pre-1919,M,residential,SINGLE_RES,C_5,Not applied,317381.0,A,233.8,2.0,GBP,Metres,0.0,0.0,478.0,443.0,0.0,0.0,15.0,0.0,936.0,936.0,0.0029498489,1.0,0.0
7,,,,,,,East Midlands (England),United Kingdom,52.8088689,0.1259753,23062655,100030887449,2090,ssp245,Undefended,A,A,0.0,0.0,0.0,,A,0.0,0.0,0.0,,E,1.12,0.83,1.5,,B,8.485219,0.0,24.627321,0.163153,0.75,0.9353354,E,154.800003,138.599991,175.5,0.83,0.83,,,,,,,B,1.074024,1.0,1.15,0.75,0.9361328,A,6e-06,0.93,0.9353354,D,22.924999,7.9,44.0,0.8968716,0.8968716,C,4.596972,1.213075,8.498698,0.151926,0.65,0.65,pre-1919,M,residential,SINGLE_RES,C_5,Not applied,268240.0,A,197.6,2.0,GBP,Metres,0.0,0.0,1679.0,383.0,0.0,169.0,13.0,0.0,2244.0,2244.0,0.0083653853,1.0,0.0
8,Pinstock Lane,Spalding,PE12 0BT,,,,East Midlands (England),United Kingdom,52.7960426,0.0741809,22823054,100030891649,2090,ssp245,Undefended,A,A,0.0,0.0,0.0,,A,0.0,0.0,0.0,,E,0.52,0.32,0.8,,A,8.868535,0.0,26.059374,0.127764,0.75,0.9353354,E,154.800003,138.599991,175.5,0.83,0.83,,,,,,,C,1.281859,1.15,1.3,0.75,0.9361328,A,3e-06,0.93,0.9353354,D,22.924999,7.9,44.0,0.8968716,0.8968716,C,4.499265,1.0811,8.332766,0.15409,0.65,0.65,pre-1919,M,residential,SINGLE_RES,C_5,Not applied,221542.0,A,163.2,2.0,GBP,Metres,0.0,0.0,638.0,648.0,0.0,0.0,11.0,0.0,1297.0,1297.0,0.00585468,1.0,0.0
9,Witham Town,Boston,PE21 9JY,6.0,,,East Midlands (England),United Kingdom,52.9835697,-0.0310725,13519302,200004467536,2090,ssp245,Undefended,A,A,0.0,0.0,0.0,,A,0.0,0.0,0.0,,C,0.0,0.0,0.21,,A,5.420806,0.0,16.491125,0.096628,0.75,0.9353354,E,155.699997,139.5,176.399994,0.83,0.83,,,,,,,B,1.051195,1.0,1.15,0.75,0.9361328,A,1e-06,0.93,0.9353354,D,24.1,8.9,47.099998,0.8968716,0.8968716,C,4.673573,1.29742,7.363149,0.151319,0.65,0.65,post-1985,M,agriculture,AGRICULTURE,C_5,Not applied,216142.0,A,171.0,2.0,GBP,Metres,0.0,0.0,97.0,282.0,0.0,0.0,10.0,0.0,389.0,389.0,0.0018002189,1.0,0.0
1,,,,,,,East Midlands (England),United Kingdom,52.7702909069,0.1894779759,23047437,100030889668,2100,ssp245,Undefended,A,A,0.0,0.0,0.0,,D,0.07,0.06,0.07,,E,1.05,0.83,1.34,,A,6.372605,0.0,17.141401,0.101657,0.75,0.9353354,E,157.5,139.5,178.199997,0.83,0.83,,,,,,,B,1.082991,1.0,1.15,0.75,0.9361328,A,3e-06,0.93,0.9353354,D,23.166666,7.9,42.099998,0.8968716,0.8968716,C,4.386159,1.174526,7.483788,0.171668,0.65,0.65,pre-1919,M,residential,SINGLE_RES,C_5,Not applied,1119385.0,A,824.6,2.0,GBP,Metres,0.0,256.0,8741.0,1652.0,0.0,0.0,53.0,0.0,10702.0,2140.0,0.0095604617,5.0,0.0
10,,,,,,,East Midlands (England),United Kingdom,53.050081479,0.158874125,,,2100,ssp245,Undefended,A,A,0.0,0.0,0.0,,D,0.08,0.08,0.08,,F,1.39,1.14,1.71,,A,2.801372,0.0,6.921024,0.134757,0.75,0.9353354,E,159.300003,141.300003,180.0,0.83,0.83,,,,,,,A,0.994494,0.0,1.0,0.75,0.9361328,A,1e-06,0.93,0.9353354,C,10.333333,0.9,29.0,0.8968716,0.8968716,D,5.230929,1.1834,9.349164,0.165,0.65,0.65,post-1985,D,commercial,,C_5,Not applied,1263991.0,D,1000.0,1.0,GBP,Metres,0.0,400.0,24231.0,1318.0,0.0,0.0,60.0,0.0,26009.0,26009.0,0.0205767056,1.0,0.0
2,,,,,,,East Midlands (England),United Kingdom,52.8408284176,0.1697058665,23337180,200001147586,2100,ssp245,Undefended,D,A,0.0,0.0,0.0,,A,0.0,0.0,0.0,,F,2.01,1.72,2.39,,A,5.34577,0.0,14.150956,0.138198,0.75,0.9353354,E,157.5,139.5,178.199997,0.83,0.83,,,,,,,A,0.982669,0.0,1.0,0.75,0.9361328,A,1e-06,0.93,0.9353354,D,23.166666,7.9,42.099998,0.8968716,0.8968716,C,4.386159,1.174526,7.483788,0.171668,0.65,0.65,post-1985,A,residential,SINGLE_RES,C_4,Not applied,297561.0,A,219.2,1.0,GBP,Metres,0.0,0.0,25080.0,295.0,0.0,0.0,146.0,0.0,25521.0,25521.0,0.0857686892,1.0,0.0
3,,,,,,,East Midlands (England),United Kingdom,52.8494594446,0.1414652949,917061,,2100,ssp245,Undefended,B,A,0.0,0.0,0.0,,A,0.0,0.0,0.0,,F,1.89,1.59,2.28,,A,5.252215,0.0,13.825156,0.090623,0.75,0.9353354,E,157.5,139.5,178.199997,0.83,0.83,,,,,,,A,0.975713,0.0,1.0,0.75,0.9361328,A,1e-06,0.93,0.9353354,D,22.583334,7.0,42.099998,0.8968716,0.8968716,C,4.386159,1.174526,7.483788,0.171668,0.65,0.65,post-1985,M,residential,SINGLE_RES,C_4,Not applied,31765.0,A,23.4,1.0,GBP,Metres,0.0,0.0,1212.0,31.0,0.0,0.0,16.0,0.0,1259.0,1259.0,0.0396423316,1.0,0.0
4,,,,,,,East Midlands (England),United Kingdom,52.8548146185,0.1709734372,22418623,,2100,ssp245,Undefended,E,A,0.0,0.0,0.0,,A,0.0,0.0,0.0,,F,2.24,2.04,2.5,,B,5.12718,0.0,13.534883,0.187452,0.75,0.9353354,E,157.5,139.5,178.199997,0.83,0.83,,,,,,,A,0.979666,0.0,1.0,0.75,0.9361328,A,0.0,0.93,0.9353354,D,23.166666,7.9,42.099998,0.8968716,0.8968716,C,4.628274,1.889576,7.241374,0.162057,0.65,0.65,post-1985,M,residential,SINGLE_RES,C_4,Not applied,35838.0,A,26.4,1.0,GBP,Metres,0.0,0.0,4861.0,35.0,0.0,49.0,18.0,0.0,4963.0,4963.0,0.1384847128,1.0,0.0
5,,,,,,,East Midlands (England),United Kingdom,52.8483471645,0.1166868854,23318602,10002548311,2100,ssp245,Undefended,A,A,0.0,0.0,0.0,,A,0.0,0.0,0.0,,F,1.95,1.66,2.33,,B,5.298598,0.0,13.901773,0.1847,0.75,0.9353354,E,154.800003,136.800003,174.599991,0.83,0.83,,,,,,,A,0.965707,0.0,1.0,0.75,0.9361328,A,0.0,0.93,0.9353354,D,22.583334,7.0,42.099998,0.8968716,0.8968716,C,4.386159,1.174526,7.483788,0.171668,0.65,0.65,post-1985,M,residential,SINGLE_RES,C_4,Not applied,323354.0,A,238.2,2.0,GBP,Metres,0.0,0.0,6384.0,299.0,0.0,410.0,158.0,0.0,7251.0,7251.0,0.0224248722,1.0,0.0
6,Marsh Rd,Holbeach Hurn,PE12 8JY,1.0,,,East Midlands (England),United Kingdom,52.8231572,0.0656962,4441069,100032161463,2100,ssp245,Undefended,A,A,0.0,0.0,0.0,,A,0.0,0.0,0.0,,D,0.41,0.15,0.75,,A,5.758851,0.0,15.032556,0.118228,0.75,0.9353354,E,154.800003,137.699997,175.5,0.83,0.83,,,,,,,B,1.066908,1.0,1.15,0.75,0.9361328,A,1e-06,0.93,0.9353354,D,22.583334,7.0,42.099998,0.8968716,0.8968716,B,3.893759,1.109274,6.838555,0.168048,0.65,0.65,pre-1919,M,residential,SINGLE_RES,C_5,Not applied,317381.0,A,233.8,2.0,GBP,Metres,0.0,0.0,569.0,441.0,0.0,0.0,15.0,0.0,1025.0,1025.0,0.0032284784,1.0,0.0
7,,,,,,,East Midlands (England),United Kingdom,52.8088689,0.1259753,23062655,100030887449,2100,ssp245,Undefended,A,A,0.0,0.0,0.0,,A,0.0,0.0,0.0,,E,1.25,0.91,1.69,,B,5.87813,0.0,15.524398,0.163153,0.75,0.9353354,E,154.800003,136.800003,175.5,0.83,0.83,,,,,,,B,1.07256,1.0,1.15,0.75,0.9361328,A,6e-06,0.93,0.9353354,D,22.583334,7.0,42.099998,0.8968716,0.8968716,C,4.386159,1.174526,7.483788,0.171668,0.65,0.65,pre-1919,M,residential,SINGLE_RES,C_5,Not applied,268240.0,A,197.6,2.0,GBP,Metres,0.0,0.0,1863.0,381.0,0.0,141.0,13.0,0.0,2398.0,2398.0,0.0089411518,1.0,0.0
8,Pinstock Lane,Spalding,PE12 0BT,,,,East Midlands (England),United Kingdom,52.7960426,0.0741809,22823054,100030891649,2100,ssp245,Undefended,A,A,0.0,0.0,0.0,,A,0.0,0.0,0.0,,E,0.62,0.37,0.95,,A,6.149594,0.0,16.102129,0.127764,0.75,0.9353354,E,154.800003,137.699997,175.5,0.83,0.83,,,,,,,C,1.280369,1.15,1.3,0.75,0.9361328,A,3e-06,0.93,0.9353354,D,22.583334,7.0,42.099998,0.8968716,0.8968716,B,3.893759,1.109274,6.838555,0.168048,0.65,0.65,pre-1919,M,residential,SINGLE_RES,C_5,Not applied,221542.0,A,163.2,2.0,GBP,Metres,0.0,0.0,792.0,645.0,0.0,0.0,11.0,0.0,1448.0,1448.0,0.0065360809,1.0,0.0
9,Witham Town,Boston,PE21 9JY,6.0,,,East Midlands (England),United Kingdom,52.9835697,-0.0310725,13519302,200004467536,2100,ssp245,Undefended,A,A,0.0,0.0,0.0,,A,0.0,0.0,0.0,,C,0.0,0.0,0.32,,A,3.65821,0.0,9.45166,0.096628,0.75,0.9353354,E,155.699997,138.599991,175.5,0.83,0.83,,,,,,,B,1.049762,1.0,1.15,0.75,0.9361328,A,1e-06,0.93,0.9353354,D,23.725,8.0,45.0,0.8968716,0.8968716,C,4.884813,1.699341,7.863266,0.161226,0.65,0.65,post-1985,M,agriculture,AGRICULTURE,C_5,Not applied,216142.0,A,171.0,2.0,GBP,Metres,0.0,0.0,125.0,281.0,0.0,0.0,10.0,0.0,416.0,416.0,0.0019244839,1.0,0.0
